"","Kingdom","Phylum","Class","Order","Family","Genus","Species"
"OTU_2","Bacteria","Proteobacteria","Alphaproteobacteria","Rhizobiales","Rhizobiaceae","Rhizobium","Rhizobium etli"
"OTU_3","Bacteria","Proteobacteria","Alphaproteobacteria","Rhizobiales","Phyllobacteriaceae","Mesorhizobium","Mesorhizobium amorphae"
"OTU_6","Bacteria","Proteobacteria","Alphaproteobacteria","Rhizobiales","Bradyrhizobiaceae","Bradyrhizobium","Bradyrhizobium elkanii"
"OTU_10","Bacteria","Proteobacteria","Alphaproteobacteria","Rhizobiales","Bradyrhizobiaceae","Afipia","Afipia genosp. 2"
"OTU_11","Bacteria","Proteobacteria","Alphaproteobacteria","Rhizobiales","Bradyrhizobiaceae","Afipia","Afipia genosp. 2"
"OTU_13","Bacteria","Proteobacteria","Alphaproteobacteria","Rhizobiales","Bartonellaceae","Bartonella","Bartonella bacilliformis"
"OTU_14","Bacteria","Proteobacteria","Alphaproteobacteria","Rhizobiales","Brucellaceae","Brucella","Brucella abortus"
"OTU_15","Bacteria","Proteobacteria","Alphaproteobacteria","Rhizobiales","Brucellaceae","Brucella","Brucella abortus"
"OTU_19","Bacteria","Proteobacteria","Alphaproteobacteria","Rhizobiales","Methylobacteriaceae","Methylobacterium","Methylobacterium extorquens group"
"OTU_20","Bacteria","Proteobacteria","Alphaproteobacteria","Rhizobiales","Bradyrhizobiaceae","Bradyrhizobium","Bradyrhizobium elkanii"
"OTU_21","Bacteria","Proteobacteria","Alphaproteobacteria","Rhizobiales","Bradyrhizobiaceae","Bradyrhizobium","Bradyrhizobium elkanii"
"OTU_23","Bacteria","Proteobacteria","Alphaproteobacteria","Rhizobiales","Bradyrhizobiaceae","Bradyrhizobium","Bradyrhizobium elkanii"
"OTU_29","Bacteria","Proteobacteria","Alphaproteobacteria","Rhizobiales","Bradyrhizobiaceae","Bradyrhizobium","Bradyrhizobium elkanii"
"OTU_34","Bacteria","Proteobacteria","Alphaproteobacteria","Rhizobiales","Rhizobiaceae","Rhizobium","Rhizobium etli"
"OTU_35","Bacteria","Proteobacteria","Alphaproteobacteria","Rhizobiales","Bradyrhizobiaceae","Bradyrhizobium","Bradyrhizobium elkanii"
"OTU_38","Bacteria","Proteobacteria","Alphaproteobacteria","Rhizobiales","Bartonellaceae","Bartonella","Bartonella bacilliformis"
"OTU_42","Bacteria","Proteobacteria","Alphaproteobacteria","Rhizobiales","Bradyrhizobiaceae","Afipia","Afipia genosp. 2"
"OTU_43","Bacteria","Proteobacteria","Alphaproteobacteria","Rhizobiales","Phyllobacteriaceae","Mesorhizobium","Mesorhizobium loti"
"OTU_49","Bacteria","Proteobacteria","Alphaproteobacteria","Rhizobiales","Bradyrhizobiaceae","Bradyrhizobium","Bradyrhizobium elkanii"
"OTU_50","Bacteria","Proteobacteria","Alphaproteobacteria","Rhizobiales","Bradyrhizobiaceae","Bradyrhizobium","Bradyrhizobium elkanii"
"OTU_65","Bacteria","Proteobacteria","Alphaproteobacteria","Rhizobiales","Bradyrhizobiaceae","Bradyrhizobium","Bradyrhizobium oligotrophicum"
"OTU_70","Bacteria","Proteobacteria","Alphaproteobacteria","Rhizobiales","Bradyrhizobiaceae","Bradyrhizobium","Bradyrhizobium japonicum"
"OTU_71","Bacteria","Proteobacteria","Alphaproteobacteria","Rhizobiales","Methylocystaceae","Methylocystis","Methylocystis rosea"
"OTU_73","Bacteria","Proteobacteria","Alphaproteobacteria","Rhizobiales","Rhizobiaceae","Rhizobium","Rhizobium leguminosarum"
"OTU_83","Bacteria","Proteobacteria","Alphaproteobacteria","Rhizobiales","Bradyrhizobiaceae","Bradyrhizobium","Bradyrhizobium elkanii"
"OTU_85","Bacteria","Proteobacteria","Alphaproteobacteria","Rhizobiales","Rhizobiaceae","Sinorhizobium","Sinorhizobium meliloti"
"OTU_89","Bacteria","Proteobacteria","Alphaproteobacteria","Rhizobiales","Bradyrhizobiaceae","Bradyrhizobium","Bradyrhizobium elkanii"
"OTU_93","Bacteria","Proteobacteria","Alphaproteobacteria","Rhizobiales","Bradyrhizobiaceae","Afipia","Afipia genosp. 2"
"OTU_94","Bacteria","Proteobacteria","Alphaproteobacteria","Rhizobiales","Bradyrhizobiaceae","Bradyrhizobium","Bradyrhizobium japonicum"
"OTU_96","Bacteria","Proteobacteria","Alphaproteobacteria","Rhizobiales","Bradyrhizobiaceae","Bradyrhizobium","Bradyrhizobium elkanii"
"OTU_98","Bacteria","Proteobacteria","Alphaproteobacteria","Rhizobiales","Bradyrhizobiaceae","Afipia","Afipia broomeae"
"OTU_102","Bacteria","Proteobacteria","Alphaproteobacteria","Rhizobiales","Bradyrhizobiaceae","Bradyrhizobium","Bradyrhizobium japonicum"
"OTU_107","Bacteria","Proteobacteria","Alphaproteobacteria","Rhizobiales","Bradyrhizobiaceae","Bradyrhizobium","Bradyrhizobium elkanii"
"OTU_108","Bacteria","Proteobacteria","Alphaproteobacteria","Rhizobiales","Bradyrhizobiaceae","Afipia","Afipia genosp. 2"
"OTU_110","Bacteria","Proteobacteria","Alphaproteobacteria","Rhizobiales","Xanthobacteraceae","Starkeya","Starkeya novella"
"OTU_112","Bacteria","Proteobacteria","Alphaproteobacteria","Rhizobiales","Bradyrhizobiaceae","Bradyrhizobium","Bradyrhizobium elkanii"
"OTU_116","Bacteria","Proteobacteria","Alphaproteobacteria","Rhizobiales","Bradyrhizobiaceae","Afipia","Afipia genosp. 2"
"OTU_120","Bacteria","Proteobacteria","Alphaproteobacteria","Rhizobiales","Bradyrhizobiaceae","Bradyrhizobium","Bradyrhizobium japonicum"
"OTU_124","Bacteria","Proteobacteria","Alphaproteobacteria","Rhizobiales","Bradyrhizobiaceae","Afipia","Afipia broomeae"
"OTU_125","Bacteria","Proteobacteria","Alphaproteobacteria","Rhizobiales","Bradyrhizobiaceae","Bradyrhizobium","Bradyrhizobium elkanii"
"OTU_130","Bacteria","Proteobacteria","Alphaproteobacteria","Rhizobiales","Phyllobacteriaceae","Mesorhizobium","Mesorhizobium amorphae"
"OTU_131","Bacteria","Proteobacteria","Alphaproteobacteria","Rhizobiales","Aurantimonadaceae","Fulvimarina","Fulvimarina pelagi"
"OTU_134","Bacteria","Proteobacteria","Alphaproteobacteria","Rhizobiales","Methylocystaceae","Methylocystis","Methylocystis rosea"
"OTU_137","Bacteria","Proteobacteria","Alphaproteobacteria","Rhizobiales","Methylobacteriaceae","Methylobacterium","Methylobacterium extorquens group"
"OTU_138","Bacteria","Proteobacteria","Alphaproteobacteria","Rhizobiales","Bradyrhizobiaceae","Bradyrhizobium","Bradyrhizobium elkanii"
"OTU_139","Bacteria","Proteobacteria","Alphaproteobacteria","Rhizobiales","Bradyrhizobiaceae","Bradyrhizobium","Bradyrhizobium japonicum"
"OTU_149","Bacteria","Proteobacteria","Alphaproteobacteria","Rhizobiales","Bradyrhizobiaceae","Nitrobacter","Nitrobacter hamburgensis"
"OTU_157","Bacteria","Proteobacteria","Alphaproteobacteria","Rhizobiales","Bartonellaceae","Bartonella","Bartonella sp. Koshimizu 6-1"
"OTU_158","Bacteria","Proteobacteria","Alphaproteobacteria","Rhizobiales","Bradyrhizobiaceae","Nitrobacter","Nitrobacter hamburgensis"
"OTU_160","Bacteria","Proteobacteria","Alphaproteobacteria","Rhizobiales","Bradyrhizobiaceae","Afipia","Afipia genosp. 2"
"OTU_163","Bacteria","Proteobacteria","Alphaproteobacteria","Rhizobiales","Methylobacteriaceae","Methylobacterium","Methylobacterium extorquens group"
"OTU_164","Bacteria","Proteobacteria","Alphaproteobacteria","Rhizobiales","Bradyrhizobiaceae","Bradyrhizobium","Bradyrhizobium japonicum"
"OTU_165","Bacteria","Proteobacteria","Alphaproteobacteria","Rhizobiales","Methylocystaceae","Methylocystis","Methylocystis rosea"
"OTU_166","Bacteria","Proteobacteria","Alphaproteobacteria","Rhizobiales","Bradyrhizobiaceae","Afipia","Afipia genosp. 2"
"OTU_168","Bacteria","Proteobacteria","Alphaproteobacteria","Rhizobiales","Bradyrhizobiaceae","Bradyrhizobium","Bradyrhizobium japonicum"
"OTU_169","Bacteria","Proteobacteria","Alphaproteobacteria","Rhizobiales","Brucellaceae","Brucella","Brucella abortus"
"OTU_172","Bacteria","Proteobacteria","Alphaproteobacteria","Rhizobiales","Bradyrhizobiaceae","Bradyrhizobium","Bradyrhizobium oligotrophicum"
"OTU_173","Bacteria","Proteobacteria","Alphaproteobacteria","Rhizobiales","Bartonellaceae","Bartonella","Bartonella bacilliformis"
"OTU_174","Bacteria","Proteobacteria","Alphaproteobacteria","Rhizobiales","Bradyrhizobiaceae","Bradyrhizobium","Bradyrhizobium japonicum"
"OTU_175","Bacteria","Proteobacteria","Alphaproteobacteria","Rhizobiales","Bradyrhizobiaceae","Bradyrhizobium","Bradyrhizobium japonicum"
"OTU_176","Bacteria","Proteobacteria","Alphaproteobacteria","Rhizobiales","Bradyrhizobiaceae","Bradyrhizobium","Bradyrhizobium elkanii"
"OTU_178","Bacteria","Proteobacteria","Alphaproteobacteria","Rhizobiales","Bradyrhizobiaceae","Bradyrhizobium","Bradyrhizobium japonicum"
"OTU_183","Bacteria","Proteobacteria","Alphaproteobacteria","Rhizobiales","Phyllobacteriaceae","Nitratireductor","Nitratireductor aquibiodomus"
"OTU_186","Bacteria","Proteobacteria","Alphaproteobacteria","Rhizobiales","Bradyrhizobiaceae","Afipia","Afipia genosp. 2"
"OTU_187","Bacteria","Proteobacteria","Alphaproteobacteria","Rhizobiales","Bradyrhizobiaceae","Bradyrhizobium","Bradyrhizobium elkanii"
"OTU_188","Bacteria","Proteobacteria","Alphaproteobacteria","Rhizobiales","Bradyrhizobiaceae","Bradyrhizobium","Bradyrhizobium elkanii"
"OTU_190","Bacteria","Proteobacteria","Alphaproteobacteria","Rhizobiales","Bradyrhizobiaceae","Afipia","Afipia genosp. 2"
"OTU_191","Bacteria","Proteobacteria","Alphaproteobacteria","Rhizobiales","Bradyrhizobiaceae","Bradyrhizobium","Bradyrhizobium japonicum"
"OTU_198","Bacteria","Proteobacteria","Alphaproteobacteria","Rhizobiales","Methylobacteriaceae","Methylobacterium","Methylobacterium extorquens group"
"OTU_200","Bacteria","Proteobacteria","Alphaproteobacteria","Rhizobiales","Brucellaceae","Brucella","Brucella abortus"
"OTU_202","Bacteria","Proteobacteria","Alphaproteobacteria","Rhizobiales","Bartonellaceae","Bartonella","Bartonella schoenbuchensis"
"OTU_203","Bacteria","Proteobacteria","Alphaproteobacteria","Rhizobiales","Rhizobiaceae","Rhizobium","Rhizobium etli"
"OTU_209","Bacteria","Proteobacteria","Alphaproteobacteria","Rhizobiales","Brucellaceae","Brucella","Brucella abortus"
"OTU_213","Bacteria","Proteobacteria","Alphaproteobacteria","Rhizobiales","Bradyrhizobiaceae","Bradyrhizobium","Bradyrhizobium elkanii"
"OTU_215","Bacteria","Proteobacteria","Alphaproteobacteria","Rhizobiales","Methylocystaceae","Methylocystis","Methylocystis rosea"
"OTU_216","Bacteria","Proteobacteria","Alphaproteobacteria","Rhizobiales","Bradyrhizobiaceae","Bradyrhizobium","Bradyrhizobium japonicum"
"OTU_219","Bacteria","Proteobacteria","Alphaproteobacteria","Rhizobiales","Bradyrhizobiaceae","Bradyrhizobium","Bradyrhizobium elkanii"
"OTU_223","Bacteria","Proteobacteria","Alphaproteobacteria","Rhizobiales","Chelatococcaceae","Chelatococcus","Chelatococcus sp. GW1"
"OTU_224","Bacteria","Proteobacteria","Alphaproteobacteria","Rhizobiales","Bradyrhizobiaceae","Afipia","Afipia broomeae"
"OTU_225","Bacteria","Proteobacteria","Alphaproteobacteria","Rhizobiales","Bartonellaceae","Bartonella","Bartonella bacilliformis"
"OTU_232","Bacteria","Proteobacteria","Alphaproteobacteria","Rhizobiales","Bradyrhizobiaceae","Afipia","Afipia broomeae"
"OTU_235","Bacteria","Proteobacteria","Alphaproteobacteria","Rhizobiales","Bradyrhizobiaceae","Afipia","Afipia genosp. 2"
"OTU_237","Bacteria","Proteobacteria","Alphaproteobacteria","Rhizobiales","Bradyrhizobiaceae","Afipia","Afipia genosp. 2"
"OTU_241","Bacteria","Proteobacteria","Alphaproteobacteria","Rhizobiales","Rhizobiaceae","Sinorhizobium","Sinorhizobium medicae"
"OTU_245","Bacteria","Proteobacteria","Alphaproteobacteria","Rhizobiales","Phyllobacteriaceae","Mesorhizobium","Mesorhizobium amorphae"
"OTU_246","Bacteria","Proteobacteria","Alphaproteobacteria","Rhizobiales","Brucellaceae","Brucella","Brucella abortus"
"OTU_251","Bacteria","Proteobacteria","Alphaproteobacteria","Rhizobiales","Bradyrhizobiaceae","Bradyrhizobium","Bradyrhizobium japonicum"
"OTU_255","Bacteria","Proteobacteria","Alphaproteobacteria","Rhizobiales","Bradyrhizobiaceae","Bradyrhizobium","Bradyrhizobium elkanii"
"OTU_256","Bacteria","Proteobacteria","Alphaproteobacteria","Rhizobiales","Rhizobiaceae","Sinorhizobium","Sinorhizobium fredii"
"OTU_257","Bacteria","Proteobacteria","Alphaproteobacteria","Rhizobiales","Bradyrhizobiaceae","Afipia","Afipia genosp. 2"
"OTU_260","Bacteria","Proteobacteria","Alphaproteobacteria","Rhizobiales","Bradyrhizobiaceae","Bradyrhizobium","Bradyrhizobium oligotrophicum"
"OTU_261","Bacteria","Proteobacteria","Alphaproteobacteria","Rhizobiales","Bradyrhizobiaceae","Afipia","Afipia broomeae"
"OTU_265","Bacteria","Proteobacteria","Alphaproteobacteria","Rhizobiales","Bartonellaceae","Bartonella","Bartonella bacilliformis"
"OTU_279","Bacteria","Proteobacteria","Alphaproteobacteria","Rhizobiales","Bradyrhizobiaceae","Bradyrhizobium","Bradyrhizobium japonicum"
"OTU_281","Bacteria","Proteobacteria","Alphaproteobacteria","Rhizobiales","Bradyrhizobiaceae","Afipia","Afipia genosp. 2"
"OTU_283","Bacteria","Proteobacteria","Alphaproteobacteria","Rhizobiales","Bradyrhizobiaceae","Bradyrhizobium","Bradyrhizobium japonicum"
"OTU_284","Bacteria","Proteobacteria","Alphaproteobacteria","Rhizobiales","Methylocystaceae","Methylocystis","Methylocystis rosea"
"OTU_286","Bacteria","Proteobacteria","Alphaproteobacteria","Rhizobiales","Chelatococcaceae","Chelatococcus","Chelatococcus sp. GW1"
"OTU_289","Bacteria","Proteobacteria","Alphaproteobacteria","Rhizobiales","Brucellaceae","Brucella","Brucella abortus"
"OTU_290","Bacteria","Proteobacteria","Alphaproteobacteria","Rhizobiales","Bradyrhizobiaceae","Bradyrhizobium","Bradyrhizobium japonicum"
"OTU_296","Bacteria","Proteobacteria","Alphaproteobacteria","Rhizobiales","Bradyrhizobiaceae","Bradyrhizobium","Bradyrhizobium elkanii"
"OTU_298","Bacteria","Proteobacteria","Alphaproteobacteria","Rhizobiales","Phyllobacteriaceae","Mesorhizobium","Mesorhizobium amorphae"
"OTU_299","Bacteria","Proteobacteria","Alphaproteobacteria","Rhizobiales","Bradyrhizobiaceae","Bradyrhizobium","Bradyrhizobium japonicum"
"OTU_306","Bacteria","Proteobacteria","Alphaproteobacteria","Rhizobiales","Bradyrhizobiaceae","Bradyrhizobium","Bradyrhizobium elkanii"
"OTU_307","Bacteria","Proteobacteria","Alphaproteobacteria","Rhizobiales","Bradyrhizobiaceae","Afipia","Afipia genosp. 2"
"OTU_309","Bacteria","Proteobacteria","Alphaproteobacteria","Rhizobiales","Bradyrhizobiaceae","Bradyrhizobium","Bradyrhizobium japonicum"
"OTU_310","Bacteria","Proteobacteria","Alphaproteobacteria","Rhizobiales","Bradyrhizobiaceae","Afipia","Afipia genosp. 2"
"OTU_313","Bacteria","Proteobacteria","Alphaproteobacteria","Rhizobiales","Phyllobacteriaceae","Nitratireductor","Nitratireductor aquibiodomus"
"OTU_314","Bacteria","Proteobacteria","Alphaproteobacteria","Rhizobiales","Bradyrhizobiaceae","Afipia","Afipia broomeae"
"OTU_323","Bacteria","Proteobacteria","Alphaproteobacteria","Rhizobiales","Brucellaceae","Brucella","Brucella abortus"
"OTU_325","Bacteria","Proteobacteria","Alphaproteobacteria","Rhizobiales","Bradyrhizobiaceae","Bradyrhizobium","Bradyrhizobium oligotrophicum"
"OTU_329","Bacteria","Proteobacteria","Alphaproteobacteria","Rhizobiales","Bartonellaceae","Bartonella","Bartonella sp. Koshimizu 6-1"
"OTU_331","Bacteria","Proteobacteria","Alphaproteobacteria","Rhizobiales","Bradyrhizobiaceae","Afipia","Afipia genosp. 2"
"OTU_351","Bacteria","Proteobacteria","Alphaproteobacteria","Rhizobiales","Bradyrhizobiaceae","Afipia","Afipia broomeae"
"OTU_355","Bacteria","Proteobacteria","Alphaproteobacteria","Rhizobiales","Rhizobiaceae","Sinorhizobium","Sinorhizobium fredii"
"OTU_358","Bacteria","Proteobacteria","Alphaproteobacteria","Rhizobiales","Phyllobacteriaceae","Nitratireductor","Nitratireductor aquibiodomus"
"OTU_359","Bacteria","Proteobacteria","Alphaproteobacteria","Rhizobiales","Chelatococcaceae","Chelatococcus","Chelatococcus sp. GW1"
"OTU_364","Bacteria","Proteobacteria","Alphaproteobacteria","Rhizobiales","Bradyrhizobiaceae","Rhodopseudomonas","Rhodopseudomonas palustris"
"OTU_365","Bacteria","Proteobacteria","Alphaproteobacteria","Rhizobiales","Rhizobiaceae","Sinorhizobium","Sinorhizobium meliloti"
"OTU_369","Bacteria","Proteobacteria","Alphaproteobacteria","Rhizobiales","Bradyrhizobiaceae","Afipia","Afipia genosp. 2"
"OTU_370","Bacteria","Proteobacteria","Alphaproteobacteria","Rhizobiales","Phyllobacteriaceae","Mesorhizobium","Mesorhizobium loti"
"OTU_371","Bacteria","Proteobacteria","Alphaproteobacteria","Rhizobiales","Phyllobacteriaceae","Chelativorans","Chelativorans sp. BNC1"
"OTU_373","Bacteria","Proteobacteria","Alphaproteobacteria","Rhizobiales","Bradyrhizobiaceae","Afipia","Afipia genosp. 2"
"OTU_382","Bacteria","Proteobacteria","Alphaproteobacteria","Rhizobiales","Bradyrhizobiaceae","Bradyrhizobium","Bradyrhizobium japonicum"
"OTU_386","Bacteria","Proteobacteria","Alphaproteobacteria","Rhizobiales","Brucellaceae","Brucella","Brucella melitensis"
"OTU_396","Bacteria","Proteobacteria","Alphaproteobacteria","Rhizobiales","Rhizobiaceae","Sinorhizobium","Sinorhizobium meliloti"
"OTU_399","Bacteria","Proteobacteria","Alphaproteobacteria","Rhizobiales","Methylocystaceae","Methylocystis","Methylocystis rosea"
"OTU_401","Bacteria","Proteobacteria","Alphaproteobacteria","Rhizobiales","Bradyrhizobiaceae","Bosea","Bosea massiliensis"
"OTU_404","Bacteria","Proteobacteria","Alphaproteobacteria","Rhizobiales","Bartonellaceae","Bartonella","Bartonella sp. Koshimizu 6-1"
"OTU_406","Bacteria","Proteobacteria","Alphaproteobacteria","Rhizobiales","Bradyrhizobiaceae","Bradyrhizobium","Bradyrhizobium elkanii"
"OTU_407","Bacteria","Proteobacteria","Alphaproteobacteria","Rhizobiales","Bradyrhizobiaceae","Bradyrhizobium","Bradyrhizobium japonicum"
"OTU_418","Bacteria","Proteobacteria","Alphaproteobacteria","Rhizobiales","Methylocystaceae","Methylocystis","Methylocystis rosea"
"OTU_421","Bacteria","Proteobacteria","Alphaproteobacteria","Rhizobiales","Rhizobiaceae","Sinorhizobium","Sinorhizobium fredii"
"OTU_423","Bacteria","Proteobacteria","Alphaproteobacteria","Rhizobiales","Methylocystaceae","Methylocystis","Methylocystis rosea"
"OTU_431","Bacteria","Proteobacteria","Alphaproteobacteria","Rhizobiales","Methylocystaceae","Methylocystis","Methylocystis rosea"
"OTU_439","Bacteria","Proteobacteria","Alphaproteobacteria","Rhizobiales","Bradyrhizobiaceae","Bradyrhizobium","Bradyrhizobium japonicum"
"OTU_440","Bacteria","Proteobacteria","Alphaproteobacteria","Rhizobiales","Bradyrhizobiaceae","Bradyrhizobium","Bradyrhizobium elkanii"
"OTU_446","Bacteria","Proteobacteria","Alphaproteobacteria","Rhizobiales","Bradyrhizobiaceae","Bradyrhizobium","Bradyrhizobium elkanii"
"OTU_447","Bacteria","Proteobacteria","Alphaproteobacteria","Rhizobiales","Brucellaceae","Brucella","Brucella abortus"
"OTU_452","Bacteria","Proteobacteria","Alphaproteobacteria","Rhizobiales","Phyllobacteriaceae","Nitratireductor","Nitratireductor aquibiodomus"
"OTU_454","Bacteria","Proteobacteria","Alphaproteobacteria","Rhizobiales","Bradyrhizobiaceae","Bradyrhizobium","Bradyrhizobium elkanii"
"OTU_458","Bacteria","Proteobacteria","Alphaproteobacteria","Rhizobiales","Bradyrhizobiaceae","Bradyrhizobium","Bradyrhizobium japonicum"
"OTU_464","Bacteria","Proteobacteria","Alphaproteobacteria","Rhizobiales","Brucellaceae","Ochrobactrum","Ochrobactrum anthropi"
"OTU_467","Bacteria","Proteobacteria","Alphaproteobacteria","Rhizobiales","Bradyrhizobiaceae","Bradyrhizobium","Bradyrhizobium japonicum"
"OTU_471","Bacteria","Proteobacteria","Alphaproteobacteria","Rhizobiales","Phyllobacteriaceae","Mesorhizobium","Mesorhizobium amorphae"
"OTU_473","Bacteria","Proteobacteria","Alphaproteobacteria","Rhizobiales","Bradyrhizobiaceae","Bradyrhizobium","Bradyrhizobium oligotrophicum"
"OTU_477","Bacteria","Proteobacteria","Alphaproteobacteria","Rhizobiales","Bradyrhizobiaceae","Bradyrhizobium","Bradyrhizobium elkanii"
"OTU_478","Bacteria","Proteobacteria","Alphaproteobacteria","Rhizobiales","Bradyrhizobiaceae","Afipia","Afipia genosp. 2"
"OTU_483","Bacteria","Proteobacteria","Alphaproteobacteria","Rhizobiales","Bradyrhizobiaceae","Bradyrhizobium","Bradyrhizobium japonicum"
"OTU_484","Bacteria","Proteobacteria","Alphaproteobacteria","Rhizobiales","Bradyrhizobiaceae","Bradyrhizobium","Bradyrhizobium elkanii"
"OTU_493","Bacteria","Proteobacteria","Alphaproteobacteria","Rhizobiales","Bradyrhizobiaceae","Bradyrhizobium","Bradyrhizobium japonicum"
"OTU_494","Bacteria","Proteobacteria","Alphaproteobacteria","Rhizobiales","Bradyrhizobiaceae","Bradyrhizobium","Bradyrhizobium japonicum"
"OTU_495","Bacteria","Proteobacteria","Alphaproteobacteria","Rhizobiales","Bradyrhizobiaceae","Bradyrhizobium","Bradyrhizobium japonicum"
"OTU_500","Bacteria","Proteobacteria","Alphaproteobacteria","Rhizobiales","Bradyrhizobiaceae","Afipia","Afipia broomeae"
"OTU_501","Bacteria","Proteobacteria","Alphaproteobacteria","Rhizobiales","Bartonellaceae","Bartonella","Bartonella sp. Koshimizu 6-1"
"OTU_502","Bacteria","Proteobacteria","Alphaproteobacteria","Rhizobiales","Bradyrhizobiaceae","Afipia","Afipia genosp. 2"
"OTU_505","Bacteria","Proteobacteria","Alphaproteobacteria","Rhizobiales","Brucellaceae","Brucella","Brucella melitensis"
"OTU_510","Bacteria","Proteobacteria","Alphaproteobacteria","Rhizobiales","Bradyrhizobiaceae","Bradyrhizobium","Bradyrhizobium japonicum"
"OTU_515","Bacteria","Proteobacteria","Alphaproteobacteria","Rhizobiales","Rhizobiaceae","Sinorhizobium","Sinorhizobium fredii"
"OTU_522","Bacteria","Proteobacteria","Alphaproteobacteria","Rhizobiales","Bradyrhizobiaceae","Bradyrhizobium","Bradyrhizobium elkanii"
"OTU_523","Bacteria","Proteobacteria","Alphaproteobacteria","Rhizobiales","Brucellaceae","Ochrobactrum","Ochrobactrum anthropi"
"OTU_528","Bacteria","Proteobacteria","Alphaproteobacteria","Rhizobiales","Bradyrhizobiaceae","Bradyrhizobium","Bradyrhizobium japonicum"
"OTU_529","Bacteria","Proteobacteria","Alphaproteobacteria","Rhizobiales","Bradyrhizobiaceae","Afipia","Afipia genosp. 2"
"OTU_531","Bacteria","Proteobacteria","Alphaproteobacteria","Rhizobiales","Bradyrhizobiaceae","Afipia","Afipia broomeae"
"OTU_541","Bacteria","Proteobacteria","Alphaproteobacteria","Rhizobiales","Bartonellaceae","Bartonella","Bartonella grahamii"
"OTU_544","Bacteria","Proteobacteria","Alphaproteobacteria","Rhizobiales","Bradyrhizobiaceae","Afipia","Afipia broomeae"
"OTU_545","Bacteria","Proteobacteria","Alphaproteobacteria","Rhizobiales","Rhizobiaceae","Rhizobium","Rhizobium etli"
"OTU_548","Bacteria","Proteobacteria","Alphaproteobacteria","Rhizobiales","Bradyrhizobiaceae","Afipia","Afipia genosp. 2"
"OTU_552","Bacteria","Proteobacteria","Alphaproteobacteria","Rhizobiales","Methylobacteriaceae","Methylobacterium","Methylobacterium extorquens group"
"OTU_557","Bacteria","Proteobacteria","Alphaproteobacteria","Rhizobiales","Bradyrhizobiaceae","Bradyrhizobium","Bradyrhizobium japonicum"
"OTU_568","Bacteria","Proteobacteria","Alphaproteobacteria","Rhizobiales","Brucellaceae","Brucella","Brucella abortus"
"OTU_569","Bacteria","Proteobacteria","Alphaproteobacteria","Rhizobiales","Rhizobiaceae","Sinorhizobium","Sinorhizobium fredii"
"OTU_570","Bacteria","Proteobacteria","Alphaproteobacteria","Rhizobiales","Methylocystaceae","Methylocystis","Methylocystis rosea"
"OTU_578","Bacteria","Proteobacteria","Alphaproteobacteria","Rhizobiales","Bradyrhizobiaceae","Bradyrhizobium","Bradyrhizobium elkanii"
"OTU_581","Bacteria","Proteobacteria","Alphaproteobacteria","Rhizobiales","Bradyrhizobiaceae","Bradyrhizobium","Bradyrhizobium elkanii"
"OTU_585","Bacteria","Proteobacteria","Alphaproteobacteria","Rhizobiales","Bradyrhizobiaceae","Bradyrhizobium","Bradyrhizobium japonicum"
"OTU_603","Bacteria","Proteobacteria","Alphaproteobacteria","Rhizobiales","Bartonellaceae","Bartonella","Bartonella bacilliformis"
"OTU_606","Bacteria","Proteobacteria","Alphaproteobacteria","Rhizobiales","Phyllobacteriaceae","Mesorhizobium","Mesorhizobium alhagi"
"OTU_608","Bacteria","Proteobacteria","Alphaproteobacteria","Rhizobiales","Phyllobacteriaceae","Mesorhizobium","Mesorhizobium australicum"
"OTU_616","Bacteria","Proteobacteria","Alphaproteobacteria","Rhizobiales","Bradyrhizobiaceae","Afipia","Afipia broomeae"
"OTU_619","Bacteria","Proteobacteria","Alphaproteobacteria","Rhizobiales","Aurantimonadaceae","Fulvimarina","Fulvimarina pelagi"
"OTU_620","Bacteria","Proteobacteria","Alphaproteobacteria","Rhizobiales","Bradyrhizobiaceae","Bradyrhizobium","Bradyrhizobium elkanii"
"OTU_623","Bacteria","Proteobacteria","Alphaproteobacteria","Rhizobiales","Bradyrhizobiaceae","Bradyrhizobium","Bradyrhizobium elkanii"
"OTU_632","Bacteria","Proteobacteria","Alphaproteobacteria","Rhizobiales","Methylocystaceae","Methylocystis","Methylocystis rosea"
"OTU_636","Bacteria","Proteobacteria","Alphaproteobacteria","Rhizobiales","Chelatococcaceae","Chelatococcus","Chelatococcus sp. GW1"
"OTU_643","Bacteria","Proteobacteria","Alphaproteobacteria","Rhizobiales","Bradyrhizobiaceae","Afipia","Afipia genosp. 2"
"OTU_653","Bacteria","Proteobacteria","Alphaproteobacteria","Rhizobiales","Bradyrhizobiaceae","Bradyrhizobium","Bradyrhizobium japonicum"
"OTU_657","Bacteria","Proteobacteria","Alphaproteobacteria","Rhizobiales","Bartonellaceae","Bartonella","Bartonella sp. Koshimizu 6-1"
"OTU_658","Bacteria","Proteobacteria","Alphaproteobacteria","Rhizobiales","Bradyrhizobiaceae","Afipia","Afipia genosp. 2"
"OTU_659","Bacteria","Proteobacteria","Alphaproteobacteria","Rhizobiales","Bradyrhizobiaceae","Afipia","Afipia genosp. 2"
"OTU_663","Bacteria","Proteobacteria","Alphaproteobacteria","Rhizobiales","Phyllobacteriaceae","Nitratireductor","Nitratireductor aquibiodomus"
"OTU_666","Bacteria","Proteobacteria","Alphaproteobacteria","Rhizobiales","Bradyrhizobiaceae","Bradyrhizobium","Bradyrhizobium japonicum"
"OTU_667","Bacteria","Proteobacteria","Alphaproteobacteria","Rhizobiales","Bradyrhizobiaceae","Afipia","Afipia broomeae"
"OTU_672","Bacteria","Proteobacteria","Alphaproteobacteria","Rhizobiales","Bradyrhizobiaceae","Bradyrhizobium","Bradyrhizobium elkanii"
"OTU_674","Bacteria","Proteobacteria","Alphaproteobacteria","Rhizobiales","Bradyrhizobiaceae","Bradyrhizobium","Bradyrhizobium oligotrophicum"
"OTU_675","Bacteria","Proteobacteria","Alphaproteobacteria","Rhizobiales","Phyllobacteriaceae","Nitratireductor","Nitratireductor aquibiodomus"
"OTU_678","Bacteria","Proteobacteria","Alphaproteobacteria","Rhizobiales","Rhizobiaceae","Sinorhizobium","Sinorhizobium meliloti"
"OTU_692","Bacteria","Proteobacteria","Alphaproteobacteria","Rhizobiales","Bradyrhizobiaceae","Bradyrhizobium","Bradyrhizobium elkanii"
"OTU_698","Bacteria","Proteobacteria","Alphaproteobacteria","Rhizobiales","Bradyrhizobiaceae","Afipia","Afipia genosp. 2"
"OTU_700","Bacteria","Proteobacteria","Alphaproteobacteria","Rhizobiales","Bradyrhizobiaceae","Bradyrhizobium","Bradyrhizobium elkanii"
"OTU_701","Bacteria","Proteobacteria","Alphaproteobacteria","Rhizobiales","Bradyrhizobiaceae","Bradyrhizobium","Bradyrhizobium diazoefficiens"
"OTU_702","Bacteria","Proteobacteria","Alphaproteobacteria","Rhizobiales","Methylocystaceae","Methylocystis","Methylocystis rosea"
"OTU_723","Bacteria","Proteobacteria","Alphaproteobacteria","Rhizobiales","Bradyrhizobiaceae","Afipia","Afipia broomeae"
"OTU_725","Bacteria","Proteobacteria","Alphaproteobacteria","Rhizobiales","Phyllobacteriaceae","Mesorhizobium","Mesorhizobium alhagi"
"OTU_730","Bacteria","Proteobacteria","Alphaproteobacteria","Rhizobiales","Bradyrhizobiaceae","Bradyrhizobium","Bradyrhizobium japonicum"
"OTU_732","Bacteria","Proteobacteria","Alphaproteobacteria","Rhizobiales","Bradyrhizobiaceae","Bradyrhizobium","Bradyrhizobium oligotrophicum"
"OTU_734","Bacteria","Proteobacteria","Alphaproteobacteria","Rhizobiales","Methylobacteriaceae","Methylobacterium","Methylobacterium extorquens group"
"OTU_735","Bacteria","Proteobacteria","Alphaproteobacteria","Rhizobiales","Brucellaceae","Brucella","Brucella abortus"
"OTU_736","Bacteria","Proteobacteria","Alphaproteobacteria","Rhizobiales","Phyllobacteriaceae","Nitratireductor","Nitratireductor aquibiodomus"
"OTU_740","Bacteria","Proteobacteria","Alphaproteobacteria","Rhizobiales","Rhizobiaceae","Agrobacterium","Agrobacterium albertimagni"
"OTU_744","Bacteria","Proteobacteria","Alphaproteobacteria","Rhizobiales","Bradyrhizobiaceae","Bradyrhizobium","Bradyrhizobium japonicum"
"OTU_746","Bacteria","Proteobacteria","Alphaproteobacteria","Rhizobiales","Bradyrhizobiaceae","Bradyrhizobium","Bradyrhizobium japonicum"
"OTU_758","Bacteria","Proteobacteria","Alphaproteobacteria","Rhizobiales","Bradyrhizobiaceae","Bradyrhizobium","Bradyrhizobium japonicum"
"OTU_764","Bacteria","Proteobacteria","Alphaproteobacteria","Rhizobiales","Rhizobiaceae","Rhizobium","Rhizobium leguminosarum"
"OTU_765","Bacteria","Proteobacteria","Alphaproteobacteria","Rhizobiales","Rhizobiaceae","Rhizobium","Rhizobium giardinii"
"OTU_767","Bacteria","Proteobacteria","Alphaproteobacteria","Rhizobiales","Rhizobiaceae","Rhizobium","Rhizobium giardinii"
"OTU_771","Bacteria","Proteobacteria","Alphaproteobacteria","Rhizobiales","Bradyrhizobiaceae","Afipia","Afipia broomeae"
"OTU_775","Bacteria","Proteobacteria","Alphaproteobacteria","Rhizobiales","Bradyrhizobiaceae","Bradyrhizobium","Bradyrhizobium elkanii"
"OTU_777","Bacteria","Proteobacteria","Alphaproteobacteria","Rhizobiales","Bradyrhizobiaceae","Bradyrhizobium","Bradyrhizobium japonicum"
"OTU_780","Bacteria","Proteobacteria","Alphaproteobacteria","Rhizobiales","Bradyrhizobiaceae","Bradyrhizobium","Bradyrhizobium elkanii"
"OTU_782","Bacteria","Proteobacteria","Alphaproteobacteria","Rhizobiales","Phyllobacteriaceae","Nitratireductor","Nitratireductor aquibiodomus"
"OTU_788","Bacteria","Proteobacteria","Alphaproteobacteria","Rhizobiales","Brucellaceae","Brucella","Brucella abortus"
"OTU_794","Bacteria","Proteobacteria","Alphaproteobacteria","Rhizobiales","Bradyrhizobiaceae","Afipia","Afipia genosp. 2"
"OTU_807","Bacteria","Proteobacteria","Alphaproteobacteria","Rhizobiales","Bartonellaceae","Bartonella","Bartonella schoenbuchensis"
"OTU_808","Bacteria","Proteobacteria","Alphaproteobacteria","Rhizobiales","Bradyrhizobiaceae","Afipia","Afipia genosp. 2"
"OTU_811","Bacteria","Proteobacteria","Alphaproteobacteria","Rhizobiales","Bradyrhizobiaceae","Bradyrhizobium","Bradyrhizobium japonicum"
"OTU_813","Bacteria","Proteobacteria","Alphaproteobacteria","Rhizobiales","Bradyrhizobiaceae","Bradyrhizobium","Bradyrhizobium japonicum"
"OTU_818","Bacteria","Proteobacteria","Alphaproteobacteria","Rhizobiales","Bartonellaceae","Bartonella","Bartonella sp. Koshimizu 6-1"
"OTU_821","Bacteria","Proteobacteria","Alphaproteobacteria","Rhizobiales","Bradyrhizobiaceae","Bradyrhizobium","Bradyrhizobium elkanii"
"OTU_823","Bacteria","Proteobacteria","Alphaproteobacteria","Rhizobiales","Bradyrhizobiaceae","Bradyrhizobium","Bradyrhizobium japonicum"
"OTU_831","Bacteria","Proteobacteria","Alphaproteobacteria","Rhizobiales","Bradyrhizobiaceae","Bradyrhizobium","Bradyrhizobium japonicum"
"OTU_832","Bacteria","Proteobacteria","Alphaproteobacteria","Rhizobiales","Bartonellaceae","Bartonella","Bartonella grahamii"
"OTU_836","Bacteria","Proteobacteria","Alphaproteobacteria","Rhizobiales","Brucellaceae","Brucella","Brucella melitensis"
"OTU_842","Bacteria","Proteobacteria","Alphaproteobacteria","Rhizobiales","Bradyrhizobiaceae","Bradyrhizobium","Bradyrhizobium japonicum"
"OTU_849","Bacteria","Proteobacteria","Alphaproteobacteria","Rhizobiales","Bradyrhizobiaceae","Bradyrhizobium","Bradyrhizobium japonicum"
"OTU_855","Bacteria","Proteobacteria","Alphaproteobacteria","Rhizobiales","Bradyrhizobiaceae","Afipia","Afipia genosp. 2"
"OTU_862","Bacteria","Proteobacteria","Alphaproteobacteria","Rhizobiales","Bradyrhizobiaceae","Afipia","Afipia broomeae"
"OTU_867","Bacteria","Proteobacteria","Alphaproteobacteria","Rhizobiales","Rhizobiaceae","Rhizobium","Rhizobium etli"
"OTU_873","Bacteria","Proteobacteria","Alphaproteobacteria","Rhizobiales","Bradyrhizobiaceae","Bradyrhizobium","Bradyrhizobium japonicum"
"OTU_879","Bacteria","Proteobacteria","Alphaproteobacteria","Rhizobiales","Bradyrhizobiaceae","Bradyrhizobium","Bradyrhizobium elkanii"
"OTU_881","Bacteria","Proteobacteria","Alphaproteobacteria","Rhizobiales","Bradyrhizobiaceae","Bradyrhizobium","Bradyrhizobium japonicum"
"OTU_891","Bacteria","Proteobacteria","Alphaproteobacteria","Rhizobiales","Methylocystaceae","Methylosinus","Methylosinus sp. LW4"
"OTU_911","Bacteria","Proteobacteria","Alphaproteobacteria","Rhizobiales","Bartonellaceae","Bartonella","Bartonella grahamii"
"OTU_914","Bacteria","Proteobacteria","Alphaproteobacteria","Rhizobiales","Bradyrhizobiaceae","Afipia","Afipia broomeae"
"OTU_915","Bacteria","Proteobacteria","Alphaproteobacteria","Rhizobiales","Phyllobacteriaceae","Nitratireductor","Nitratireductor aquibiodomus"
"OTU_923","Bacteria","Proteobacteria","Alphaproteobacteria","Rhizobiales","Brucellaceae","Brucella","Brucella abortus"
"OTU_936","Bacteria","Proteobacteria","Alphaproteobacteria","Rhizobiales","Bradyrhizobiaceae","Bradyrhizobium","Bradyrhizobium elkanii"
"OTU_937","Bacteria","Proteobacteria","Alphaproteobacteria","Rhizobiales","Methylobacteriaceae","Methylobacterium","Methylobacterium extorquens group"
"OTU_938","Bacteria","Proteobacteria","Alphaproteobacteria","Rhizobiales","Bradyrhizobiaceae","Bradyrhizobium","Bradyrhizobium elkanii"
"OTU_947","Bacteria","Proteobacteria","Alphaproteobacteria","Rhizobiales","Bradyrhizobiaceae","Bradyrhizobium","Bradyrhizobium japonicum"
"OTU_951","Bacteria","Proteobacteria","Alphaproteobacteria","Rhizobiales","Bradyrhizobiaceae","Bradyrhizobium","Bradyrhizobium elkanii"
"OTU_957","Bacteria","Proteobacteria","Alphaproteobacteria","Rhizobiales","Phyllobacteriaceae","Mesorhizobium","Mesorhizobium australicum"
"OTU_963","Bacteria","Proteobacteria","Alphaproteobacteria","Rhizobiales","Bradyrhizobiaceae","Afipia","Afipia broomeae"
"OTU_977","Bacteria","Proteobacteria","Alphaproteobacteria","Rhizobiales","Methylobacteriaceae","Methylobacterium","Methylobacterium extorquens group"
"OTU_982","Bacteria","Proteobacteria","Alphaproteobacteria","Rhizobiales","Bradyrhizobiaceae","Bradyrhizobium","Bradyrhizobium elkanii"
"OTU_990","Bacteria","Proteobacteria","Alphaproteobacteria","Rhizobiales","Bradyrhizobiaceae","Bradyrhizobium","Bradyrhizobium japonicum"
"OTU_994","Bacteria","Proteobacteria","Alphaproteobacteria","Rhizobiales","Bradyrhizobiaceae","Bradyrhizobium","Bradyrhizobium elkanii"
"OTU_1010","Bacteria","Proteobacteria","Alphaproteobacteria","Rhizobiales","Bradyrhizobiaceae","Afipia","Afipia broomeae"
"OTU_1020","Bacteria","Proteobacteria","Alphaproteobacteria","Rhizobiales","Bradyrhizobiaceae","Bradyrhizobium","Bradyrhizobium oligotrophicum"
"OTU_1021","Bacteria","Proteobacteria","Alphaproteobacteria","Rhizobiales","Bradyrhizobiaceae","Bradyrhizobium","Bradyrhizobium japonicum"
"OTU_1022","Bacteria","Proteobacteria","Alphaproteobacteria","Rhizobiales","Rhizobiaceae","Agrobacterium","Agrobacterium albertimagni"
"OTU_1023","Bacteria","Proteobacteria","Alphaproteobacteria","Rhizobiales","Bradyrhizobiaceae","Afipia","Afipia broomeae"
"OTU_1024","Bacteria","Proteobacteria","Alphaproteobacteria","Rhizobiales","Bartonellaceae","Bartonella","Bartonella henselae"
"OTU_1039","Bacteria","Proteobacteria","Alphaproteobacteria","Rhizobiales","Rhizobiaceae","Sinorhizobium","Sinorhizobium fredii"
"OTU_1046","Bacteria","Proteobacteria","Alphaproteobacteria","Rhizobiales","Bradyrhizobiaceae","Bradyrhizobium","Bradyrhizobium japonicum"
"OTU_1048","Bacteria","Proteobacteria","Alphaproteobacteria","Rhizobiales","Bradyrhizobiaceae","Bradyrhizobium","Bradyrhizobium elkanii"
"OTU_1052","Bacteria","Proteobacteria","Alphaproteobacteria","Rhizobiales","Rhizobiaceae","Rhizobium","Rhizobium leguminosarum"
"OTU_1055","Bacteria","Proteobacteria","Alphaproteobacteria","Rhizobiales","Bradyrhizobiaceae","Afipia","Afipia genosp. 2"
"OTU_1057","Bacteria","Proteobacteria","Alphaproteobacteria","Rhizobiales","Bradyrhizobiaceae","Bradyrhizobium","Bradyrhizobium elkanii"
"OTU_1060","Bacteria","Proteobacteria","Alphaproteobacteria","Rhizobiales","Phyllobacteriaceae","Nitratireductor","Nitratireductor aquibiodomus"
"OTU_1064","Bacteria","Proteobacteria","Alphaproteobacteria","Rhizobiales","Rhizobiaceae","Sinorhizobium","Sinorhizobium meliloti"
"OTU_1067","Bacteria","Proteobacteria","Alphaproteobacteria","Rhizobiales","Rhizobiaceae","Rhizobium","Rhizobium freirei"
"OTU_1073","Bacteria","Proteobacteria","Alphaproteobacteria","Rhizobiales","Methylobacteriaceae","Methylobacterium","Methylobacterium extorquens group"
"OTU_1076","Bacteria","Proteobacteria","Alphaproteobacteria","Rhizobiales","Bradyrhizobiaceae","Bradyrhizobium","Bradyrhizobium japonicum"
"OTU_1077","Bacteria","Proteobacteria","Alphaproteobacteria","Rhizobiales","Bartonellaceae","Bartonella","Bartonella schoenbuchensis"
"OTU_1080","Bacteria","Proteobacteria","Alphaproteobacteria","Rhizobiales","Bradyrhizobiaceae","Bradyrhizobium","Bradyrhizobium japonicum"
"OTU_1083","Bacteria","Proteobacteria","Alphaproteobacteria","Rhizobiales","Bradyrhizobiaceae","Bradyrhizobium","Bradyrhizobium diazoefficiens"
"OTU_1091","Bacteria","Proteobacteria","Alphaproteobacteria","Rhizobiales","Bradyrhizobiaceae","Afipia","Afipia genosp. 2"
"OTU_1097","Bacteria","Proteobacteria","Alphaproteobacteria","Rhizobiales","Bradyrhizobiaceae","Afipia","Afipia broomeae"
"OTU_1114","Bacteria","Proteobacteria","Alphaproteobacteria","Rhizobiales","Bradyrhizobiaceae","Afipia","Afipia genosp. 2"
"OTU_1115","Bacteria","Proteobacteria","Alphaproteobacteria","Rhizobiales","Bradyrhizobiaceae","Bradyrhizobium","Bradyrhizobium japonicum"
"OTU_1124","Bacteria","Proteobacteria","Alphaproteobacteria","Rhizobiales","Bradyrhizobiaceae","Bradyrhizobium","Bradyrhizobium japonicum"
"OTU_1126","Bacteria","Proteobacteria","Alphaproteobacteria","Rhizobiales","Bradyrhizobiaceae","Bradyrhizobium","Bradyrhizobium japonicum"
"OTU_1129","Bacteria","Proteobacteria","Alphaproteobacteria","Rhizobiales","Chelatococcaceae","Chelatococcus","Chelatococcus sp. GW1"
"OTU_1133","Bacteria","Proteobacteria","Alphaproteobacteria","Rhizobiales","Rhizobiaceae","Rhizobium","Rhizobium giardinii"
"OTU_1138","Bacteria","Proteobacteria","Alphaproteobacteria","Rhizobiales","Bradyrhizobiaceae","Bradyrhizobium",""
"OTU_1140","Bacteria","Proteobacteria","Alphaproteobacteria","Rhizobiales","Bradyrhizobiaceae","Bradyrhizobium","Bradyrhizobium japonicum"
"OTU_1143","Bacteria","Proteobacteria","Alphaproteobacteria","Rhizobiales","Rhizobiaceae","Sinorhizobium","Sinorhizobium meliloti"
"OTU_1148","Bacteria","Proteobacteria","Alphaproteobacteria","Rhizobiales","Bradyrhizobiaceae","Bradyrhizobium","Bradyrhizobium elkanii"
"OTU_1149","Bacteria","Proteobacteria","Alphaproteobacteria","Rhizobiales","Bradyrhizobiaceae","Afipia","Afipia sp. SP17"
"OTU_1158","Bacteria","Proteobacteria","Alphaproteobacteria","Rhizobiales","Bradyrhizobiaceae","Afipia","Afipia broomeae"
"OTU_1159","Bacteria","Proteobacteria","Alphaproteobacteria","Rhizobiales","Methylocystaceae","Methylocystis","Methylocystis rosea"
"OTU_1165","Bacteria","Proteobacteria","Alphaproteobacteria","Rhizobiales","Bradyrhizobiaceae","Afipia","Afipia broomeae"
"OTU_1166","Bacteria","Proteobacteria","Alphaproteobacteria","Rhizobiales","Bradyrhizobiaceae","Bradyrhizobium","Bradyrhizobium japonicum"
"OTU_1168","Bacteria","Proteobacteria","Alphaproteobacteria","Rhizobiales","Bradyrhizobiaceae","Bradyrhizobium","Bradyrhizobium elkanii"
"OTU_1171","Bacteria","Proteobacteria","Alphaproteobacteria","Rhizobiales","Bradyrhizobiaceae","Bradyrhizobium","Bradyrhizobium japonicum"
"OTU_1183","Bacteria","Proteobacteria","Alphaproteobacteria","Rhizobiales","Bradyrhizobiaceae","Bradyrhizobium","Bradyrhizobium elkanii"
"OTU_1185","Bacteria","Proteobacteria","Alphaproteobacteria","Rhizobiales","Bradyrhizobiaceae","Afipia","Afipia broomeae"
"OTU_1186","Bacteria","Proteobacteria","Alphaproteobacteria","Rhizobiales","Bradyrhizobiaceae","Bradyrhizobium","Bradyrhizobium elkanii"
"OTU_1191","Bacteria","Proteobacteria","Alphaproteobacteria","Rhizobiales","Bradyrhizobiaceae","Bradyrhizobium","Bradyrhizobium elkanii"
"OTU_1194","Bacteria","Proteobacteria","Alphaproteobacteria","Rhizobiales","Phyllobacteriaceae","Nitratireductor","Nitratireductor aquibiodomus"
"OTU_1209","Bacteria","Proteobacteria","Alphaproteobacteria","Rhizobiales","Bradyrhizobiaceae","Afipia","Afipia genosp. 2"
"OTU_1230","Bacteria","Proteobacteria","Alphaproteobacteria","Rhizobiales","Methylobacteriaceae","Methylobacterium","Methylobacterium extorquens group"
"OTU_1233","Bacteria","Proteobacteria","Alphaproteobacteria","Rhizobiales","Bradyrhizobiaceae","Afipia","Afipia broomeae"
"OTU_1236","Bacteria","Proteobacteria","Alphaproteobacteria","Rhizobiales","Bradyrhizobiaceae","Afipia","Afipia sp. SP17"
"OTU_1241","Bacteria","Proteobacteria","Alphaproteobacteria","Rhizobiales","Bradyrhizobiaceae","Bradyrhizobium","Bradyrhizobium elkanii"
"OTU_1263","Bacteria","Proteobacteria","Alphaproteobacteria","Rhizobiales","Bradyrhizobiaceae","Afipia","Afipia genosp. 2"
"OTU_1264","Bacteria","Proteobacteria","Alphaproteobacteria","Rhizobiales","Bradyrhizobiaceae","Afipia","Afipia genosp. 2"
"OTU_1265","Bacteria","Proteobacteria","Alphaproteobacteria","Rhizobiales","Bradyrhizobiaceae","Bradyrhizobium","Bradyrhizobium japonicum"
"OTU_1273","Bacteria","Proteobacteria","Alphaproteobacteria","Rhizobiales","Brucellaceae","Brucella","Brucella melitensis"
"OTU_1288","Bacteria","Proteobacteria","Alphaproteobacteria","Rhizobiales","Bradyrhizobiaceae","Bradyrhizobium","Bradyrhizobium japonicum"
"OTU_1290","Bacteria","Proteobacteria","Alphaproteobacteria","Rhizobiales","Bartonellaceae","Bartonella","Bartonella taylorii"
"OTU_1296","Bacteria","Proteobacteria","Alphaproteobacteria","Rhizobiales","Rhizobiaceae","Agrobacterium","Agrobacterium tumefaciens complex"
"OTU_1307","Bacteria","Proteobacteria","Alphaproteobacteria","Rhizobiales","Bradyrhizobiaceae","Bosea","Bosea massiliensis"
"OTU_1313","Bacteria","Proteobacteria","Alphaproteobacteria","Rhizobiales","Bradyrhizobiaceae","Bradyrhizobium","Bradyrhizobium oligotrophicum"
"OTU_1314","Bacteria","Proteobacteria","Alphaproteobacteria","Rhizobiales","Rhizobiaceae","Sinorhizobium","Sinorhizobium meliloti"
"OTU_1315","Bacteria","Proteobacteria","Alphaproteobacteria","Rhizobiales","Bradyrhizobiaceae","Bradyrhizobium","Bradyrhizobium japonicum"
"OTU_1317","Bacteria","Proteobacteria","Alphaproteobacteria","Rhizobiales","Methylobacteriaceae","Methylobacterium","Methylobacterium extorquens group"
"OTU_1318","Bacteria","Proteobacteria","Alphaproteobacteria","Rhizobiales","Bradyrhizobiaceae","Bradyrhizobium","Bradyrhizobium japonicum"
"OTU_1321","Bacteria","Proteobacteria","Alphaproteobacteria","Rhizobiales","Bradyrhizobiaceae","Bradyrhizobium","Bradyrhizobium elkanii"
"OTU_1339","Bacteria","Proteobacteria","Alphaproteobacteria","Rhizobiales","Bradyrhizobiaceae","Bradyrhizobium","Bradyrhizobium japonicum"
"OTU_1340","Bacteria","Proteobacteria","Alphaproteobacteria","Rhizobiales","Phyllobacteriaceae","Mesorhizobium","Mesorhizobium amorphae"
"OTU_1345","Bacteria","Proteobacteria","Alphaproteobacteria","Rhizobiales","Bradyrhizobiaceae","Bradyrhizobium","Bradyrhizobium japonicum"
"OTU_1350","Bacteria","Proteobacteria","Alphaproteobacteria","Rhizobiales","Bradyrhizobiaceae","Afipia","Afipia broomeae"
"OTU_1355","Bacteria","Proteobacteria","Alphaproteobacteria","Rhizobiales","Bradyrhizobiaceae","Afipia","Afipia broomeae"
"OTU_1356","Bacteria","Proteobacteria","Alphaproteobacteria","Rhizobiales","Bradyrhizobiaceae","Bradyrhizobium","Bradyrhizobium japonicum"
"OTU_1357","Bacteria","Proteobacteria","Alphaproteobacteria","Rhizobiales","Bradyrhizobiaceae","Bradyrhizobium","Bradyrhizobium japonicum"
"OTU_1358","Bacteria","Proteobacteria","Alphaproteobacteria","Rhizobiales","Methylobacteriaceae","Methylobacterium","Methylobacterium extorquens group"
"OTU_1360","Bacteria","Proteobacteria","Alphaproteobacteria","Rhizobiales","Bartonellaceae","Bartonella","Bartonella grahamii"
"OTU_1361","Bacteria","Proteobacteria","Alphaproteobacteria","Rhizobiales","Chelatococcaceae","Chelatococcus","Chelatococcus sp. GW1"
"OTU_1364","Bacteria","Proteobacteria","Alphaproteobacteria","Rhizobiales","Rhizobiaceae","Rhizobium","Rhizobium freirei"
"OTU_1371","Bacteria","Proteobacteria","Alphaproteobacteria","Rhizobiales","Methylobacteriaceae","Methylobacterium","Methylobacterium extorquens group"
"OTU_1383","Bacteria","Proteobacteria","Alphaproteobacteria","Rhizobiales","Bradyrhizobiaceae","Bradyrhizobium","Bradyrhizobium japonicum"
"OTU_1404","Bacteria","Proteobacteria","Alphaproteobacteria","Rhizobiales","Bradyrhizobiaceae","Bradyrhizobium","Bradyrhizobium elkanii"
"OTU_1420","Bacteria","Proteobacteria","Alphaproteobacteria","Rhizobiales","Brucellaceae","Brucella","Brucella abortus"
"OTU_1427","Bacteria","Proteobacteria","Alphaproteobacteria","Rhizobiales","Bradyrhizobiaceae","Bradyrhizobium","Bradyrhizobium oligotrophicum"
"OTU_1457","Bacteria","Proteobacteria","Alphaproteobacteria","Rhizobiales","Bradyrhizobiaceae","Bradyrhizobium","Bradyrhizobium elkanii"
"OTU_1471","Bacteria","Proteobacteria","Alphaproteobacteria","Rhizobiales","Rhizobiaceae","Sinorhizobium","Sinorhizobium fredii"
"OTU_1486","Bacteria","Proteobacteria","Alphaproteobacteria","Rhizobiales","Brucellaceae","Brucella","Brucella abortus"
"OTU_1487","Bacteria","Proteobacteria","Alphaproteobacteria","Rhizobiales","Bradyrhizobiaceae","Nitrobacter","Nitrobacter hamburgensis"
"OTU_1502","Bacteria","Proteobacteria","Alphaproteobacteria","Rhizobiales","Bradyrhizobiaceae","Afipia","Afipia genosp. 2"
"OTU_1515","Bacteria","Proteobacteria","Alphaproteobacteria","Rhizobiales","Bradyrhizobiaceae","Bradyrhizobium","Bradyrhizobium japonicum"
"OTU_1549","Bacteria","Proteobacteria","Alphaproteobacteria","Rhizobiales","Bradyrhizobiaceae","Bradyrhizobium","Bradyrhizobium japonicum"
"OTU_1555","Bacteria","Proteobacteria","Alphaproteobacteria","Rhizobiales","Bradyrhizobiaceae","Bradyrhizobium","Bradyrhizobium japonicum"
"OTU_1574","Bacteria","Proteobacteria","Alphaproteobacteria","Rhizobiales","Xanthobacteraceae","Starkeya","Starkeya novella"
"OTU_1579","Bacteria","Proteobacteria","Alphaproteobacteria","Rhizobiales","Hyphomicrobiaceae","Pelagibacterium","Pelagibacterium halotolerans"
"OTU_1580","Bacteria","Proteobacteria","Alphaproteobacteria","Rhizobiales","Bradyrhizobiaceae","Nitrobacter","Nitrobacter hamburgensis"
"OTU_1583","Bacteria","Proteobacteria","Alphaproteobacteria","Rhizobiales","Rhizobiaceae","Agrobacterium","Agrobacterium albertimagni"
"OTU_1609","Bacteria","Proteobacteria","Alphaproteobacteria","Rhizobiales","Bradyrhizobiaceae","Afipia","Afipia broomeae"
"OTU_1610","Bacteria","Proteobacteria","Alphaproteobacteria","Rhizobiales","Bradyrhizobiaceae","Bradyrhizobium","Bradyrhizobium elkanii"
"OTU_1625","Bacteria","Proteobacteria","Alphaproteobacteria","Rhizobiales","Bartonellaceae","Bartonella","Bartonella sp. Koshimizu 6-1"
"OTU_1626","Bacteria","Proteobacteria","Alphaproteobacteria","Rhizobiales","Bradyrhizobiaceae","Afipia","Afipia genosp. 2"
"OTU_1639","Bacteria","Proteobacteria","Alphaproteobacteria","Rhizobiales","Phyllobacteriaceae","Nitratireductor","Nitratireductor aquibiodomus"
"OTU_1642","Bacteria","Proteobacteria","Alphaproteobacteria","Rhizobiales","Bartonellaceae","Bartonella","Bartonella rattaustraliani"
"OTU_1672","Bacteria","Proteobacteria","Alphaproteobacteria","Rhizobiales","Methylocystaceae","Methylocystis","Methylocystis parvus"
"OTU_1679","Bacteria","Proteobacteria","Alphaproteobacteria","Rhizobiales","Bradyrhizobiaceae","Bradyrhizobium","Bradyrhizobium japonicum"
"OTU_1690","Bacteria","Proteobacteria","Alphaproteobacteria","Rhizobiales","Bradyrhizobiaceae","Bradyrhizobium","Bradyrhizobium japonicum"
"OTU_1696","Bacteria","Proteobacteria","Alphaproteobacteria","Rhizobiales","Bradyrhizobiaceae","Bradyrhizobium","Bradyrhizobium japonicum"
"OTU_1708","Bacteria","Proteobacteria","Alphaproteobacteria","Rhizobiales","Bradyrhizobiaceae","Bradyrhizobium","Bradyrhizobium japonicum"
"OTU_1714","Bacteria","Proteobacteria","Alphaproteobacteria","Rhizobiales","Rhizobiaceae","Sinorhizobium","Sinorhizobium fredii"
"OTU_1716","Bacteria","Proteobacteria","Alphaproteobacteria","Rhizobiales","Bradyrhizobiaceae","Bradyrhizobium","Bradyrhizobium japonicum"
"OTU_1746","Bacteria","Proteobacteria","Alphaproteobacteria","Rhizobiales","Phyllobacteriaceae","Mesorhizobium","Mesorhizobium alhagi"
"OTU_1755","Bacteria","Proteobacteria","Alphaproteobacteria","Rhizobiales","Bradyrhizobiaceae","Bradyrhizobium","Bradyrhizobium elkanii"
"OTU_1762","Bacteria","Proteobacteria","Alphaproteobacteria","Rhizobiales","Bradyrhizobiaceae","Bradyrhizobium","Bradyrhizobium japonicum"
"OTU_1764","Bacteria","Proteobacteria","Alphaproteobacteria","Rhizobiales","Methylobacteriaceae","Methylobacterium","Methylobacterium mesophilicum"
"OTU_1772","Bacteria","Proteobacteria","Alphaproteobacteria","Rhizobiales","Bradyrhizobiaceae","Bradyrhizobium","Bradyrhizobium japonicum"
"OTU_1773","Bacteria","Proteobacteria","Alphaproteobacteria","Rhizobiales","Bradyrhizobiaceae","Bosea","Bosea massiliensis"
"OTU_1794","Bacteria","Proteobacteria","Alphaproteobacteria","Rhizobiales","Phyllobacteriaceae","Nitratireductor","Nitratireductor aquibiodomus"
"OTU_1800","Bacteria","Proteobacteria","Alphaproteobacteria","Rhizobiales","Bradyrhizobiaceae","Bradyrhizobium","Bradyrhizobium japonicum"
"OTU_1807","Bacteria","Proteobacteria","Alphaproteobacteria","Rhizobiales","Rhizobiaceae","Rhizobium","Rhizobium freirei"
"OTU_1811","Bacteria","Proteobacteria","Alphaproteobacteria","Rhizobiales","Bradyrhizobiaceae","Afipia","Afipia genosp. 2"
"OTU_1814","Bacteria","Proteobacteria","Alphaproteobacteria","Rhizobiales","Bradyrhizobiaceae","Bradyrhizobium","Bradyrhizobium japonicum"
"OTU_1819","Bacteria","Proteobacteria","Alphaproteobacteria","Rhizobiales","Bradyrhizobiaceae","Afipia","Afipia broomeae"
"OTU_1822","Bacteria","Proteobacteria","Alphaproteobacteria","Rhizobiales","Rhizobiaceae","Sinorhizobium","Sinorhizobium meliloti"
"OTU_1824","Bacteria","Proteobacteria","Alphaproteobacteria","Rhizobiales","Bradyrhizobiaceae","Bradyrhizobium","Bradyrhizobium japonicum"
"OTU_1844","Bacteria","Proteobacteria","Alphaproteobacteria","Rhizobiales","Rhizobiaceae","Agrobacterium","Agrobacterium albertimagni"
"OTU_1845","Bacteria","Proteobacteria","Alphaproteobacteria","Rhizobiales","Bradyrhizobiaceae","Bosea","Bosea eneae"
"OTU_1870","Bacteria","Proteobacteria","Alphaproteobacteria","Rhizobiales","Bradyrhizobiaceae","Bradyrhizobium","Bradyrhizobium elkanii"
"OTU_1873","Bacteria","Proteobacteria","Alphaproteobacteria","Rhizobiales","Bradyrhizobiaceae","Nitrobacter","Nitrobacter hamburgensis"
"OTU_1874","Bacteria","Proteobacteria","Alphaproteobacteria","Rhizobiales","Bartonellaceae","Bartonella","Bartonella grahamii"
"OTU_1877","Bacteria","Proteobacteria","Alphaproteobacteria","Rhizobiales","Brucellaceae","Brucella","Brucella abortus"
"OTU_1890","Bacteria","Proteobacteria","Alphaproteobacteria","Rhizobiales","Phyllobacteriaceae","Chelativorans","Chelativorans sp. BNC1"
"OTU_1911","Bacteria","Proteobacteria","Alphaproteobacteria","Rhizobiales","Phyllobacteriaceae","Mesorhizobium","Mesorhizobium alhagi"
"OTU_1954","Bacteria","Proteobacteria","Alphaproteobacteria","Rhizobiales","Bradyrhizobiaceae","Bradyrhizobium","Bradyrhizobium oligotrophicum"
"OTU_1987","Bacteria","Proteobacteria","Alphaproteobacteria","Rhizobiales","Brucellaceae","Brucella","Brucella melitensis"
"OTU_1988","Bacteria","Proteobacteria","Alphaproteobacteria","Rhizobiales","Bradyrhizobiaceae","Bradyrhizobium","Bradyrhizobium oligotrophicum"
"OTU_1994","Bacteria","Proteobacteria","Alphaproteobacteria","Rhizobiales","Bradyrhizobiaceae","Bradyrhizobium","Bradyrhizobium japonicum"
"OTU_2003","Bacteria","Proteobacteria","Alphaproteobacteria","Rhizobiales","Bradyrhizobiaceae","Bradyrhizobium","Bradyrhizobium japonicum"
"OTU_2004","Bacteria","Proteobacteria","Alphaproteobacteria","Rhizobiales","Bradyrhizobiaceae","Bradyrhizobium","Bradyrhizobium japonicum"
"OTU_2007","Bacteria","Proteobacteria","Alphaproteobacteria","Rhizobiales","Methylocystaceae","Methylocystis","Methylocystis rosea"
"OTU_2011","Bacteria","Proteobacteria","Alphaproteobacteria","Rhizobiales","Phyllobacteriaceae","Mesorhizobium","Mesorhizobium amorphae"
"OTU_2021","Bacteria","Proteobacteria","Alphaproteobacteria","Rhizobiales","Bradyrhizobiaceae","Bradyrhizobium","Bradyrhizobium japonicum"
"OTU_2060","Bacteria","Proteobacteria","Alphaproteobacteria","Rhizobiales","Bradyrhizobiaceae","Bradyrhizobium","Bradyrhizobium japonicum"
"OTU_2064","Bacteria","Proteobacteria","Alphaproteobacteria","Rhizobiales","Bartonellaceae","Bartonella","Bartonella grahamii"
"OTU_2074","Bacteria","Proteobacteria","Alphaproteobacteria","Rhizobiales","Bradyrhizobiaceae","Bradyrhizobium","Bradyrhizobium japonicum"
"OTU_2078","Bacteria","Proteobacteria","Alphaproteobacteria","Rhizobiales","Bradyrhizobiaceae","Bradyrhizobium","Bradyrhizobium japonicum"
"OTU_2079","Bacteria","Proteobacteria","Alphaproteobacteria","Rhizobiales","Phyllobacteriaceae","Nitratireductor","Nitratireductor aquibiodomus"
"OTU_2086","Bacteria","Proteobacteria","Alphaproteobacteria","Rhizobiales","Methylocystaceae","Methylocystis","Methylocystis rosea"
"OTU_2095","Bacteria","Proteobacteria","Alphaproteobacteria","Rhizobiales","Bradyrhizobiaceae","Bradyrhizobium","Bradyrhizobium japonicum"
"OTU_2096","Bacteria","Proteobacteria","Alphaproteobacteria","Rhizobiales","Bradyrhizobiaceae","Bosea","Bosea massiliensis"
"OTU_2102","Bacteria","Proteobacteria","Alphaproteobacteria","Rhizobiales","Bradyrhizobiaceae","Bradyrhizobium","Bradyrhizobium elkanii"
"OTU_2103","Bacteria","Proteobacteria","Alphaproteobacteria","Rhizobiales","Bradyrhizobiaceae","Bradyrhizobium","Bradyrhizobium japonicum"
"OTU_2110","Bacteria","Proteobacteria","Alphaproteobacteria","Rhizobiales","Bradyrhizobiaceae","Bradyrhizobium","Bradyrhizobium japonicum"
"OTU_2127","Bacteria","Proteobacteria","Alphaproteobacteria","Rhizobiales","Bradyrhizobiaceae","Bradyrhizobium","Bradyrhizobium japonicum"
"OTU_2145","Bacteria","Proteobacteria","Alphaproteobacteria","Rhizobiales","Bradyrhizobiaceae","Afipia","Afipia sp. SP17"
"OTU_2161","Bacteria","Proteobacteria","Alphaproteobacteria","Rhizobiales","Methylobacteriaceae","Methylobacterium","Methylobacterium extorquens group"
"OTU_2170","Bacteria","Proteobacteria","Alphaproteobacteria","Rhizobiales","Bradyrhizobiaceae","Bradyrhizobium","Bradyrhizobium elkanii"
"OTU_2179","Bacteria","Proteobacteria","Alphaproteobacteria","Rhizobiales","Bradyrhizobiaceae","Bradyrhizobium","Bradyrhizobium japonicum"
"OTU_2195","Bacteria","Proteobacteria","Alphaproteobacteria","Rhizobiales","Xanthobacteraceae","Starkeya","Starkeya novella"
"OTU_2212","Bacteria","Proteobacteria","Alphaproteobacteria","Rhizobiales","Brucellaceae","Brucella","Brucella abortus"
"OTU_2223","Bacteria","Proteobacteria","Alphaproteobacteria","Rhizobiales","Aurantimonadaceae","Aurantimonas","Aurantimonas manganoxydans"
"OTU_2236","Bacteria","Proteobacteria","Alphaproteobacteria","Rhizobiales","Bradyrhizobiaceae","Bradyrhizobium","Bradyrhizobium japonicum"
"OTU_2239","Bacteria","Proteobacteria","Alphaproteobacteria","Rhizobiales","Bradyrhizobiaceae","Bradyrhizobium","Bradyrhizobium japonicum"
"OTU_2242","Bacteria","Proteobacteria","Alphaproteobacteria","Rhizobiales","Bradyrhizobiaceae","Bradyrhizobium","Bradyrhizobium japonicum"
"OTU_2248","Bacteria","Proteobacteria","Alphaproteobacteria","Rhizobiales","Bradyrhizobiaceae","Afipia","Afipia broomeae"
"OTU_2255","Bacteria","Proteobacteria","Alphaproteobacteria","Rhizobiales","Bartonellaceae","Bartonella","Bartonella grahamii"
"OTU_2259","Bacteria","Proteobacteria","Alphaproteobacteria","Rhizobiales","Bradyrhizobiaceae","Bradyrhizobium","Bradyrhizobium japonicum"
"OTU_2261","Bacteria","Proteobacteria","Alphaproteobacteria","Rhizobiales","Bradyrhizobiaceae","Afipia","Afipia broomeae"
"OTU_2308","Bacteria","Proteobacteria","Alphaproteobacteria","Rhizobiales","Methylobacteriaceae","Methylobacterium","Methylobacterium extorquens group"
"OTU_2313","Bacteria","Proteobacteria","Alphaproteobacteria","Rhizobiales","Methylocystaceae","Methylocystis","Methylocystis rosea"
"OTU_2327","Bacteria","Proteobacteria","Alphaproteobacteria","Rhizobiales","Methylocystaceae","Methylocystis","Methylocystis rosea"
"OTU_2331","Bacteria","Proteobacteria","Alphaproteobacteria","Rhizobiales","Bradyrhizobiaceae","Bradyrhizobium","Bradyrhizobium japonicum"
"OTU_2340","Bacteria","Proteobacteria","Alphaproteobacteria","Rhizobiales","Phyllobacteriaceae","Mesorhizobium","Mesorhizobium amorphae"
"OTU_2365","Bacteria","Proteobacteria","Alphaproteobacteria","Rhizobiales","Bradyrhizobiaceae","Bradyrhizobium","Bradyrhizobium japonicum"
"OTU_2367","Bacteria","Proteobacteria","Alphaproteobacteria","Rhizobiales","Phyllobacteriaceae","Mesorhizobium","Mesorhizobium loti"
"OTU_2370","Bacteria","Proteobacteria","Alphaproteobacteria","Rhizobiales","Bradyrhizobiaceae","Afipia","Afipia sp. SP17"
"OTU_2381","Bacteria","Proteobacteria","Alphaproteobacteria","Rhizobiales","Bradyrhizobiaceae","Afipia","Afipia genosp. 3"
"OTU_2419","Bacteria","Proteobacteria","Alphaproteobacteria","Rhizobiales","Bradyrhizobiaceae","Rhodopseudomonas","Rhodopseudomonas palustris"
"OTU_2441","Bacteria","Proteobacteria","Alphaproteobacteria","Rhizobiales","Bradyrhizobiaceae","Nitrobacter","Nitrobacter hamburgensis"
"OTU_2444","Bacteria","Proteobacteria","Alphaproteobacteria","Rhizobiales","Rhizobiaceae","Sinorhizobium","Sinorhizobium meliloti"
"OTU_2445","Bacteria","Proteobacteria","Alphaproteobacteria","Rhizobiales","Bradyrhizobiaceae","Bosea","Bosea massiliensis"
"OTU_2512","Bacteria","Proteobacteria","Alphaproteobacteria","Rhizobiales","Bradyrhizobiaceae","Bradyrhizobium","Bradyrhizobium japonicum"
"OTU_2525","Bacteria","Proteobacteria","Alphaproteobacteria","Rhizobiales","Methylobacteriaceae","Methylobacterium","Methylobacterium extorquens group"
"OTU_2559","Bacteria","Proteobacteria","Alphaproteobacteria","Rhizobiales","Bradyrhizobiaceae","Bradyrhizobium","Bradyrhizobium japonicum"
"OTU_2571","Bacteria","Proteobacteria","Alphaproteobacteria","Rhizobiales","Bradyrhizobiaceae","Afipia","Afipia broomeae"
"OTU_2572","Bacteria","Proteobacteria","Alphaproteobacteria","Rhizobiales","Bradyrhizobiaceae","Bradyrhizobium","Bradyrhizobium japonicum"
"OTU_2576","Bacteria","Proteobacteria","Alphaproteobacteria","Rhizobiales","Chelatococcaceae","Chelatococcus","Chelatococcus sp. GW1"
"OTU_2585","Bacteria","Proteobacteria","Alphaproteobacteria","Rhizobiales","Bradyrhizobiaceae","Afipia","Afipia sp. SP17"
"OTU_2587","Bacteria","Proteobacteria","Alphaproteobacteria","Rhizobiales","Methylobacteriaceae","Methylobacterium","Methylobacterium extorquens group"
"OTU_2591","Bacteria","Proteobacteria","Alphaproteobacteria","Rhizobiales","Rhizobiaceae","Sinorhizobium","Sinorhizobium fredii"
"OTU_2647","Bacteria","Proteobacteria","Alphaproteobacteria","Rhizobiales","Bradyrhizobiaceae","Bradyrhizobium","Bradyrhizobium japonicum"
"OTU_2706","Bacteria","Proteobacteria","Alphaproteobacteria","Rhizobiales","Rhizobiaceae","Rhizobium","Rhizobium leguminosarum"
"OTU_2707","Bacteria","Proteobacteria","Alphaproteobacteria","Rhizobiales","Bradyrhizobiaceae","Afipia","Afipia broomeae"
"OTU_2739","Bacteria","Proteobacteria","Alphaproteobacteria","Rhizobiales","Methylobacteriaceae","Methylobacterium","Methylobacterium extorquens group"
"OTU_2748","Bacteria","Proteobacteria","Alphaproteobacteria","Rhizobiales","Methylocystaceae","Methylosinus","Methylosinus sp. LW4"
"OTU_2753","Bacteria","Proteobacteria","Alphaproteobacteria","Rhizobiales","Phyllobacteriaceae","Mesorhizobium","Mesorhizobium amorphae"
"OTU_2767","Bacteria","Proteobacteria","Alphaproteobacteria","Rhizobiales","Methylobacteriaceae","Methylobacterium","Methylobacterium extorquens group"
"OTU_2801","Bacteria","Proteobacteria","Alphaproteobacteria","Rhizobiales","Phyllobacteriaceae","Nitratireductor","Nitratireductor aquibiodomus"
"OTU_2818","Bacteria","Proteobacteria","Alphaproteobacteria","Rhizobiales","Brucellaceae","Brucella","Brucella melitensis"
"OTU_2879","Bacteria","Proteobacteria","Alphaproteobacteria","Rhizobiales","Phyllobacteriaceae","Mesorhizobium","Mesorhizobium alhagi"
"OTU_2893","Bacteria","Proteobacteria","Alphaproteobacteria","Rhizobiales","Hyphomicrobiaceae","Pelagibacterium","Pelagibacterium halotolerans"
"OTU_2977","Bacteria","Proteobacteria","Alphaproteobacteria","Rhizobiales","Bartonellaceae","Bartonella","Bartonella henselae"
"OTU_3006","Bacteria","Proteobacteria","Alphaproteobacteria","Rhizobiales","Brucellaceae","Ochrobactrum","Ochrobactrum anthropi"
"OTU_3020","Bacteria","Proteobacteria","Alphaproteobacteria","Rhizobiales","Rhizobiaceae","Rhizobium","Rhizobium leguminosarum"
"OTU_3072","Bacteria","Proteobacteria","Alphaproteobacteria","Rhizobiales","Bradyrhizobiaceae","Bradyrhizobium","Bradyrhizobium japonicum"
"OTU_3100","Bacteria","Proteobacteria","Alphaproteobacteria","Rhizobiales","Bartonellaceae","Bartonella","Bartonella taylorii"
"OTU_3185","Bacteria","Proteobacteria","Alphaproteobacteria","Rhizobiales","Methylobacteriaceae","Methylobacterium","Methylobacterium extorquens group"
"OTU_3218","Bacteria","Proteobacteria","Alphaproteobacteria","Rhizobiales","Methylobacteriaceae","Methylobacterium","Methylobacterium mesophilicum"
"OTU_3232","Bacteria","Proteobacteria","Alphaproteobacteria","Rhizobiales","Methylobacteriaceae","Methylobacterium","Methylobacterium extorquens group"
"OTU_3235","Bacteria","Proteobacteria","Alphaproteobacteria","Rhizobiales","Bradyrhizobiaceae","Bradyrhizobium","Bradyrhizobium diazoefficiens"
"OTU_3270","Bacteria","Proteobacteria","Alphaproteobacteria","Rhizobiales","Bradyrhizobiaceae","Bradyrhizobium","Bradyrhizobium diazoefficiens"
"OTU_3314","Bacteria","Proteobacteria","Alphaproteobacteria","Rhizobiales","Bradyrhizobiaceae","Afipia","Afipia felis"
"OTU_3317","Bacteria","Proteobacteria","Alphaproteobacteria","Rhizobiales","Bradyrhizobiaceae","Bradyrhizobium","Bradyrhizobium japonicum"
"OTU_3395","Bacteria","Proteobacteria","Alphaproteobacteria","Rhizobiales","Bradyrhizobiaceae","Bradyrhizobium","Bradyrhizobium oligotrophicum"
"OTU_3399","Bacteria","Proteobacteria","Alphaproteobacteria","Rhizobiales","Bradyrhizobiaceae","Bradyrhizobium","Bradyrhizobium japonicum"
"OTU_3401","Bacteria","Proteobacteria","Alphaproteobacteria","Rhizobiales","Bradyrhizobiaceae","Bradyrhizobium","Bradyrhizobium oligotrophicum"
"OTU_3441","Bacteria","Proteobacteria","Alphaproteobacteria","Rhizobiales","Methylobacteriaceae","Methylobacterium","Methylobacterium mesophilicum"
"OTU_3501","Bacteria","Proteobacteria","Alphaproteobacteria","Rhizobiales","Bradyrhizobiaceae","Bradyrhizobium","Bradyrhizobium japonicum"
"OTU_3539","Bacteria","Proteobacteria","Alphaproteobacteria","Rhizobiales","Methylobacteriaceae","Methylobacterium","Methylobacterium mesophilicum"
"OTU_3602","Bacteria","Proteobacteria","Alphaproteobacteria","Rhizobiales","Bradyrhizobiaceae","Afipia","Afipia broomeae"
"OTU_3629","Bacteria","Proteobacteria","Alphaproteobacteria","Rhizobiales","Phyllobacteriaceae","Mesorhizobium","Mesorhizobium alhagi"
"OTU_3630","Bacteria","Proteobacteria","Alphaproteobacteria","Rhizobiales","Bartonellaceae","Bartonella","Bartonella grahamii"
"OTU_3640","Bacteria","Proteobacteria","Alphaproteobacteria","Rhizobiales","Methylocystaceae","Methylocystis","Methylocystis rosea"
"OTU_3684","Bacteria","Proteobacteria","Alphaproteobacteria","Rhizobiales","Methylocystaceae","Methylocystis","Methylocystis parvus"
"OTU_3688","Bacteria","Proteobacteria","Alphaproteobacteria","Rhizobiales","Methylobacteriaceae","Methylobacterium","Methylobacterium mesophilicum"
"OTU_3689","Bacteria","Proteobacteria","Alphaproteobacteria","Rhizobiales","Bradyrhizobiaceae","Bradyrhizobium","Bradyrhizobium japonicum"
"OTU_3705","Bacteria","Proteobacteria","Alphaproteobacteria","Rhizobiales","Bradyrhizobiaceae","Afipia","Afipia genosp. 2"
"OTU_3758","Bacteria","Proteobacteria","Alphaproteobacteria","Rhizobiales","Bradyrhizobiaceae","Bradyrhizobium","Bradyrhizobium japonicum"
"OTU_3781","Bacteria","Proteobacteria","Alphaproteobacteria","Rhizobiales","Phyllobacteriaceae","Nitratireductor","Nitratireductor aquibiodomus"
"OTU_3847","Bacteria","Proteobacteria","Alphaproteobacteria","Rhizobiales","Methylobacteriaceae","Methylobacterium","Methylobacterium extorquens group"
"OTU_3853","Bacteria","Proteobacteria","Alphaproteobacteria","Rhizobiales","Hyphomicrobiaceae","Hyphomicrobium","Hyphomicrobium denitrificans"
"OTU_3866","Bacteria","Proteobacteria","Alphaproteobacteria","Rhizobiales","Methylocystaceae","Methylocystis","Methylocystis parvus"
"OTU_4020","Bacteria","Proteobacteria","Alphaproteobacteria","Rhizobiales","Bradyrhizobiaceae","Bradyrhizobium","Bradyrhizobium japonicum"
"OTU_4208","Bacteria","Proteobacteria","Alphaproteobacteria","Rhizobiales","Bradyrhizobiaceae","Afipia","Afipia broomeae"
"OTU_4211","Bacteria","Proteobacteria","Alphaproteobacteria","Rhizobiales","Bradyrhizobiaceae","Bradyrhizobium","Bradyrhizobium japonicum"
"OTU_4288","Bacteria","Proteobacteria","Alphaproteobacteria","Rhizobiales","Rhizobiaceae","Agrobacterium","Agrobacterium albertimagni"
"OTU_4351","Bacteria","Proteobacteria","Alphaproteobacteria","Rhizobiales","Bradyrhizobiaceae","Bradyrhizobium","Bradyrhizobium japonicum"
"OTU_4378","Bacteria","Proteobacteria","Alphaproteobacteria","Rhizobiales","Bradyrhizobiaceae","Rhodopseudomonas","Rhodopseudomonas palustris"
"OTU_4395","Bacteria","Proteobacteria","Alphaproteobacteria","Rhizobiales","Bradyrhizobiaceae","Bradyrhizobium","Bradyrhizobium japonicum"
"OTU_4590","Bacteria","Proteobacteria","Alphaproteobacteria","Rhizobiales","Bradyrhizobiaceae","Bradyrhizobium","Bradyrhizobium japonicum"
"OTU_4635","Bacteria","Proteobacteria","Alphaproteobacteria","Rhizobiales","Bradyrhizobiaceae","Bradyrhizobium","Bradyrhizobium japonicum"
"OTU_4820","Bacteria","Proteobacteria","Alphaproteobacteria","Rhizobiales","Bradyrhizobiaceae","Bradyrhizobium","Bradyrhizobium japonicum"
"OTU_5249","Bacteria","Proteobacteria","Alphaproteobacteria","Rhizobiales","Bartonellaceae","Bartonella","Bartonella bacilliformis"
"OTU_5272","Bacteria","Proteobacteria","Alphaproteobacteria","Rhizobiales","Bradyrhizobiaceae","Rhodopseudomonas","Rhodopseudomonas palustris"
"OTU_5440","Bacteria","Proteobacteria","Alphaproteobacteria","Rhizobiales","Bradyrhizobiaceae","Afipia","Afipia broomeae"
"OTU_5547","Bacteria","Proteobacteria","Alphaproteobacteria","Rhizobiales","Bradyrhizobiaceae","Bosea","Bosea massiliensis"
"OTU_6040","Bacteria","Proteobacteria","Alphaproteobacteria","Rhizobiales","Beijerinckiaceae","Beijerinckia","Beijerinckia indica"
"OTU_7227","Bacteria","Proteobacteria","Alphaproteobacteria","Rhizobiales","Bradyrhizobiaceae","Bradyrhizobium","Bradyrhizobium japonicum"
"OTU_7596","Bacteria","Proteobacteria","Alphaproteobacteria","Rhizobiales","Bradyrhizobiaceae","Bradyrhizobium","Bradyrhizobium japonicum"
