"","Kingdom","Phylum","Class","Order","Family","Genus","Species"
"OTU_100","Bacteria","Actinobacteria","Acidimicrobiia","IMCC26256","","",""
"OTU_101","Bacteria","Gemmatimonadetes","Gemmatimonadetes","Gemmatimonadales","Gemmatimonadaceae","uncultured","uncultured_Gemmatimonadetes_bacterium"
"OTU_102","Bacteria","Actinobacteria","Actinobacteria","Streptosporangiales","Streptosporangiaceae","Nonomuraea",""
"OTU_103","Bacteria","Proteobacteria","Alphaproteobacteria","Sphingomonadales","Sphingomonadaceae","Sphingomonas",""
"OTU_104","Bacteria","Actinobacteria","Acidimicrobiia","Microtrichales","Ilumatobacteraceae","uncultured",""
"OTU_10","Bacteria","Proteobacteria","Alphaproteobacteria","Rhizobiales","Rhizobiaceae","Allorhizobium-Neorhizobium-Pararhizobium-Rhizobium",""
"OTU_105","Bacteria","Bacteroidetes","Bacteroidia","Cytophagales","Microscillaceae","",""
"OTU_106","Bacteria","Acidobacteria","Blastocatellia_Subgroup_4","Pyrinomonadales","Pyrinomonadaceae","RB41",""
"OTU_107","Bacteria","Actinobacteria","Actinobacteria","Pseudonocardiales","Pseudonocardiaceae","",""
"OTU_108","Bacteria","Proteobacteria","Alphaproteobacteria","Rhizobiales","Xanthobacteraceae","Pseudorhodoplanes","metagenome"
"OTU_109","Bacteria","Proteobacteria","Gammaproteobacteria","Steroidobacterales","Steroidobacteraceae","Steroidobacter","metagenome"
"OTU_110","Bacteria","Bacteroidetes","Bacteroidia","Chitinophagales","Chitinophagaceae","",""
"OTU_111","Bacteria","Proteobacteria","Alphaproteobacteria","Sphingomonadales","Sphingomonadaceae","Ellin6055",""
"OTU_112","Bacteria","Acidobacteria","Blastocatellia_Subgroup_4","Blastocatellales","Blastocatellaceae","uncultured",""
"OTU_113","Bacteria","Bacteroidetes","Bacteroidia","Cytophagales","Microscillaceae","uncultured",""
"OTU_114","Bacteria","Bacteroidetes","Bacteroidia","Chitinophagales","Chitinophagaceae","Pseudoflavitalea","uncultured_bacterium"
"OTU_11","Bacteria","Proteobacteria","Alphaproteobacteria","Sphingomonadales","Sphingomonadaceae","Sphingomonas",""
"OTU_115","Bacteria","Acidobacteria","Blastocatellia_Subgroup_4","Pyrinomonadales","Pyrinomonadaceae","RB41",""
"OTU_116","Bacteria","Acidobacteria","Blastocatellia_Subgroup_4","Pyrinomonadales","Pyrinomonadaceae","RB41",""
"OTU_117","Bacteria","Actinobacteria","Actinobacteria","Micrococcales","Micrococcaceae","",""
"OTU_118","Bacteria","Proteobacteria","Gammaproteobacteria","Betaproteobacteriales","TRA3-20","",""
"OTU_119","Bacteria","Proteobacteria","Gammaproteobacteria","Xanthomonadales","Xanthomonadaceae","",""
"OTU_120","Bacteria","Proteobacteria","Alphaproteobacteria","Rhizobiales","Xanthobacteraceae","uncultured",""
"OTU_121","Bacteria","Proteobacteria","Gammaproteobacteria","Steroidobacterales","Steroidobacteraceae","Steroidobacter",""
"OTU_122","Bacteria","Acidobacteria","Blastocatellia_Subgroup_4","Blastocatellales","Blastocatellaceae","uncultured",""
"OTU_12","Bacteria","Bacteroidetes","Bacteroidia","Chitinophagales","Chitinophagaceae","",""
"OTU_123","Bacteria","Gemmatimonadetes","Gemmatimonadetes","Gemmatimonadales","Gemmatimonadaceae","uncultured","uncultured_Gemmatimonadetes_bacterium"
"OTU_124","Bacteria","Proteobacteria","Gammaproteobacteria","Betaproteobacteriales","Burkholderiaceae","Variovorax","beta_proteobacterium_PI_GH1.1.A4"
"OTU_125","Bacteria","Bacteroidetes","Bacteroidia","Chitinophagales","Chitinophagaceae","Pseudoflavitalea","uncultured_bacterium"
"OTU_126","Bacteria","Chloroflexi","Gitt-GS-136","","","",""
"OTU_127","Bacteria","Acidobacteria","Subgroup_6","","","",""
"OTU_128","Bacteria","Chloroflexi","P2-11E","","","",""
"OTU_129","Bacteria","Bacteroidetes","Bacteroidia","Chitinophagales","Chitinophagaceae","Flavitalea",""
"OTU_131","Bacteria","Acidobacteria","Blastocatellia_Subgroup_4","Blastocatellales","Blastocatellaceae","",""
"OTU_132","Bacteria","Proteobacteria","Alphaproteobacteria","Rhizobiales","Hyphomicrobiaceae","Pedomicrobium",""
"OTU_133","Bacteria","Proteobacteria","Alphaproteobacteria","Sphingomonadales","Sphingomonadaceae","",""
"OTU_13","Bacteria","Proteobacteria","Alphaproteobacteria","Dongiales","Dongiaceae","Dongia",""
"OTU_134","Bacteria","Proteobacteria","Alphaproteobacteria","Sphingomonadales","Sphingomonadaceae","Sphingomonas",""
"OTU_135","Bacteria","Proteobacteria","Alphaproteobacteria","Sphingomonadales","Sphingomonadaceae","Novosphingobium",""
"OTU_1","Bacteria","Proteobacteria","Gammaproteobacteria","Pseudomonadales","Pseudomonadaceae","Pseudomonas",""
"OTU_136","Bacteria","Patescibacteria","Saccharimonadia","Saccharimonadales","","",""
"OTU_137","Bacteria","Actinobacteria","Actinobacteria","Streptomycetales","Streptomycetaceae","Streptomyces",""
"OTU_138","Bacteria","Bacteroidetes","Bacteroidia","Chitinophagales","Chitinophagaceae","Terrimonas",""
"OTU_139","Bacteria","Bacteroidetes","Bacteroidia","Chitinophagales","Chitinophagaceae","Niastella",""
"OTU_140","Bacteria","Proteobacteria","Alphaproteobacteria","Azospirillales","Inquilinaceae","Inquilinus",""
"OTU_141","Bacteria","Proteobacteria","Deltaproteobacteria","MBNT15","","",""
"OTU_142","Bacteria","Proteobacteria","Alphaproteobacteria","Sphingomonadales","Sphingomonadaceae","",""
"OTU_143","Bacteria","Actinobacteria","Acidimicrobiia","Microtrichales","Ilumatobacteraceae","uncultured",""
"OTU_144","Bacteria","Proteobacteria","Alphaproteobacteria","Sphingomonadales","Sphingomonadaceae","Sphingomonas",""
"OTU_14","Bacteria","Gemmatimonadetes","Gemmatimonadetes","Gemmatimonadales","Gemmatimonadaceae","uncultured",""
"OTU_145","Bacteria","Proteobacteria","Gammaproteobacteria","Steroidobacterales","Steroidobacteraceae","Steroidobacter",""
"OTU_146","Bacteria","Proteobacteria","Gammaproteobacteria","Xanthomonadales","Xanthomonadaceae","Pseudoxanthomonas",""
"OTU_147","Bacteria","Actinobacteria","Acidimicrobiia","Actinomarinales","uncultured","",""
"OTU_148","Bacteria","Proteobacteria","Alphaproteobacteria","Rhizobiales","Rhizobiaceae","Mesorhizobium",""
"OTU_149","Bacteria","Proteobacteria","Alphaproteobacteria","Sphingomonadales","Sphingomonadaceae","Sphingomonas",""
"OTU_150","Bacteria","Acidobacteria","Subgroup_6","","","",""
"OTU_151","Bacteria","Gemmatimonadetes","Gemmatimonadetes","Gemmatimonadales","Gemmatimonadaceae","uncultured",""
"OTU_152","Bacteria","Actinobacteria","Actinobacteria","Streptomycetales","Streptomycetaceae","Streptomyces",""
"OTU_153","Bacteria","Proteobacteria","Alphaproteobacteria","Sphingomonadales","Sphingomonadaceae","Sphingomonas",""
"OTU_154","Bacteria","Actinobacteria","Acidimicrobiia","IMCC26256","","",""
"OTU_155","Bacteria","Proteobacteria","Alphaproteobacteria","Rhizobiales","Devosiaceae","Devosia",""
"OTU_15","Bacteria","Acidobacteria","Blastocatellia_Subgroup_4","Pyrinomonadales","Pyrinomonadaceae","RB41",""
"OTU_156","Bacteria","Bacteroidetes","Bacteroidia","Chitinophagales","Chitinophagaceae","uncultured","uncultured_Niastella_sp."
"OTU_157","Bacteria","Proteobacteria","Alphaproteobacteria","Sphingomonadales","Sphingomonadaceae","Sphingomonas",""
"OTU_158","Bacteria","Actinobacteria","Actinobacteria","Streptomycetales","Streptomycetaceae","Streptomyces",""
"OTU_159","Bacteria","Acidobacteria","Blastocatellia_Subgroup_4","Pyrinomonadales","Pyrinomonadaceae","RB41",""
"OTU_160","Bacteria","Proteobacteria","Gammaproteobacteria","Betaproteobacteriales","Nitrosomonadaceae","MND1",""
"OTU_161","Bacteria","Bacteroidetes","Bacteroidia","Chitinophagales","Chitinophagaceae","",""
"OTU_163","Bacteria","Gemmatimonadetes","Gemmatimonadetes","Gemmatimonadales","Gemmatimonadaceae","uncultured","uncultured_bacterium"
"OTU_16","Bacteria","Proteobacteria","Alphaproteobacteria","Rhizobiales","Xanthobacteraceae","uncultured","Afipia_sp._P52-10"
"OTU_164","Bacteria","Bacteroidetes","Bacteroidia","Chitinophagales","Chitinophagaceae","",""
"OTU_165","Bacteria","Bacteroidetes","Bacteroidia","Chitinophagales","Chitinophagaceae","Terrimonas",""
"OTU_166","Bacteria","Gemmatimonadetes","Gemmatimonadetes","Gemmatimonadales","Gemmatimonadaceae","uncultured",""
"OTU_167","Bacteria","Proteobacteria","Alphaproteobacteria","Rhizobiales","Devosiaceae","",""
"OTU_168","Bacteria","Actinobacteria","Actinobacteria","Pseudonocardiales","Pseudonocardiaceae","",""
"OTU_169","Bacteria","Proteobacteria","Gammaproteobacteria","Steroidobacterales","Steroidobacteraceae","Steroidobacter",""
"OTU_170","Bacteria","Proteobacteria","Alphaproteobacteria","Rhizobiales","Rhizobiaceae","",""
"OTU_171","Bacteria","Acidobacteria","Subgroup_6","","","",""
"OTU_172","Bacteria","Proteobacteria","Alphaproteobacteria","Rhizobiales","Devosiaceae","Devosia",""
"OTU_173","Bacteria","Proteobacteria","Alphaproteobacteria","Rhizobiales","Xanthobacteraceae","Pseudorhodoplanes","uncultured_bacterium"
"OTU_174","Bacteria","Bacteroidetes","Bacteroidia","Chitinophagales","Chitinophagaceae","Niastella","uncultured_Chitinophagaceae_bacterium"
"OTU_17","Bacteria","Actinobacteria","Actinobacteria","Pseudonocardiales","Pseudonocardiaceae","",""
"OTU_175","Bacteria","Proteobacteria","Alphaproteobacteria","Rhizobiales","Rhizobiaceae","Ensifer",""
"OTU_176","Bacteria","Proteobacteria","Gammaproteobacteria","Steroidobacterales","Steroidobacteraceae","Steroidobacter",""
"OTU_177","Bacteria","Proteobacteria","Alphaproteobacteria","Rhizobiales","Rhizobiaceae","Allorhizobium-Neorhizobium-Pararhizobium-Rhizobium",""
"OTU_178","Bacteria","Gemmatimonadetes","Gemmatimonadetes","Gemmatimonadales","Gemmatimonadaceae","uncultured",""
"OTU_179","Bacteria","Bacteroidetes","Bacteroidia","Chitinophagales","Chitinophagaceae","",""
"OTU_180","Bacteria","Actinobacteria","Actinobacteria","Micromonosporales","Micromonosporaceae","uncultured",""
"OTU_181","Bacteria","Proteobacteria","Alphaproteobacteria","Rhizobiales","Rhizobiaceae","",""
"OTU_182","Bacteria","Gemmatimonadetes","Gemmatimonadetes","Gemmatimonadales","Gemmatimonadaceae","uncultured",""
"OTU_183","Bacteria","Bacteroidetes","Bacteroidia","Chitinophagales","Chitinophagaceae","",""
"OTU_18","Bacteria","Proteobacteria","Gammaproteobacteria","Betaproteobacteriales","Nitrosomonadaceae","MND1",""
"OTU_184","Bacteria","Actinobacteria","Actinobacteria","Propionibacteriales","Nocardioidaceae","Kribbella",""
"OTU_185","Bacteria","Proteobacteria","Alphaproteobacteria","Rhizobiales","Rhizobiales_Incertae_Sedis","uncultured","uncultured_bacterium"
"OTU_186","Bacteria","Actinobacteria","Acidimicrobiia","Microtrichales","uncultured","",""
"OTU_187","Bacteria","Gemmatimonadetes","Gemmatimonadetes","Gemmatimonadales","Gemmatimonadaceae","uncultured","uncultured_bacterium"
"OTU_188","Bacteria","Actinobacteria","Thermoleophilia","Gaiellales","uncultured","",""
"OTU_189","Bacteria","Acidobacteria","Subgroup_6","","","",""
"OTU_190","Bacteria","Proteobacteria","Gammaproteobacteria","Pseudomonadales","Pseudomonadaceae","Pseudomonas",""
"OTU_191","Bacteria","Proteobacteria","Gammaproteobacteria","Steroidobacterales","Steroidobacteraceae","Steroidobacter",""
"OTU_192","Bacteria","Proteobacteria","Deltaproteobacteria","Myxococcales","Archangiaceae","Archangium",""
"OTU_193","Bacteria","Proteobacteria","Gammaproteobacteria","Steroidobacterales","Steroidobacteraceae","Steroidobacter","metagenome"
"OTU_19","Bacteria","Gemmatimonadetes","Gemmatimonadetes","Gemmatimonadales","Gemmatimonadaceae","uncultured","uncultured_bacterium"
"OTU_194","Bacteria","Actinobacteria","Actinobacteria","Streptosporangiales","Thermomonosporaceae","Actinomadura",""
"OTU_195","Bacteria","Acidobacteria","Blastocatellia_Subgroup_4","Pyrinomonadales","Pyrinomonadaceae","RB41",""
"OTU_196","Bacteria","Bacteroidetes","Bacteroidia","Chitinophagales","Chitinophagaceae","Terrimonas",""
"OTU_197","Bacteria","Acidobacteria","Blastocatellia_Subgroup_4","Blastocatellales","Blastocatellaceae","",""
"OTU_198","Bacteria","Acidobacteria","Subgroup_6","","","",""
"OTU_199","Bacteria","Acidobacteria","Subgroup_6","","","",""
"OTU_200","Bacteria","Actinobacteria","Actinobacteria","Pseudonocardiales","Pseudonocardiaceae","Pseudonocardia",""
"OTU_201","Bacteria","Proteobacteria","Gammaproteobacteria","Betaproteobacteriales","TRA3-20","",""
"OTU_202","Bacteria","Proteobacteria","Gammaproteobacteria","Betaproteobacteriales","Nitrosomonadaceae","IS-44",""
"OTU_203","Bacteria","Chloroflexi","KD4-96","","","",""
"OTU_20","Bacteria","Actinobacteria","Actinobacteria","Micrococcales","Micrococcaceae","",""
"OTU_204","Bacteria","Proteobacteria","Gammaproteobacteria","Nitrosococcales","Nitrosococcaceae","wb1-P19","uncultured_bacterium"
"OTU_205","Bacteria","Proteobacteria","Alphaproteobacteria","Rhizobiales","Beijerinckiaceae","Bosea",""
"OTU_206","Bacteria","Proteobacteria","Gammaproteobacteria","Steroidobacterales","Steroidobacteraceae","Steroidobacter",""
"OTU_207","Bacteria","Proteobacteria","Gammaproteobacteria","Steroidobacterales","Steroidobacteraceae","Steroidobacter",""
"OTU_208","Bacteria","Actinobacteria","Actinobacteria","Streptosporangiales","Streptosporangiaceae","Nonomuraea","Nonomuraea_solani"
"OTU_210","Bacteria","Acidobacteria","Acidobacteriia","Solibacterales","Solibacteraceae_Subgroup_3","Bryobacter",""
"OTU_211","Bacteria","Acidobacteria","Subgroup_6","Unknown_Order","Unknown_Family","Vicinamibacter","Vicinamibacter_silvestris"
"OTU_212","Bacteria","Acidobacteria","Subgroup_6","","","",""
"OTU_213","Bacteria","Acidobacteria","Blastocatellia_Subgroup_4","Pyrinomonadales","Pyrinomonadaceae","RB41",""
"OTU_21","Bacteria","Proteobacteria","Gammaproteobacteria","Steroidobacterales","Steroidobacteraceae","Steroidobacter",""
"OTU_214","Bacteria","Rokubacteria","NC10","Rokubacteriales","","",""
"OTU_215","Bacteria","Proteobacteria","Gammaproteobacteria","Betaproteobacteriales","TRA3-20","",""
"OTU_216","Bacteria","Proteobacteria","Alphaproteobacteria","Rhizobiales","Methyloligellaceae","uncultured","uncultured_Rhizobiales_bacterium"
"OTU_217","Bacteria","Acidobacteria","Subgroup_6","","","",""
"OTU_218","Bacteria","Proteobacteria","Alphaproteobacteria","Rhizobiales","Devosiaceae","",""
"OTU_219","Bacteria","Bacteroidetes","Bacteroidia","Chitinophagales","Chitinophagaceae","",""
"OTU_220","Bacteria","Proteobacteria","Alphaproteobacteria","Sphingomonadales","Sphingomonadaceae","Sphingomonas",""
"OTU_221","Bacteria","Acidobacteria","Subgroup_6","","","",""
"OTU_222","Bacteria","Actinobacteria","Actinobacteria","Micrococcales","Micrococcaceae","",""
"OTU_22","Bacteria","Proteobacteria","Alphaproteobacteria","Sphingomonadales","Sphingomonadaceae","Sphingomonas",""
"OTU_223","Bacteria","Proteobacteria","Alphaproteobacteria","Rhizobiales","Xanthobacteraceae","",""
"OTU_224","Bacteria","Acidobacteria","Subgroup_6","","","",""
"OTU_225","Bacteria","Bacteroidetes","Bacteroidia","Chitinophagales","Chitinophagaceae","",""
"OTU_226","Bacteria","Proteobacteria","Gammaproteobacteria","Xanthomonadales","Xanthomonadaceae","Stenotrophomonas",""
"OTU_227","Bacteria","Proteobacteria","Gammaproteobacteria","CCD24","","",""
"OTU_228","Bacteria","Acidobacteria","Subgroup_6","","","",""
"OTU_229","Bacteria","Acidobacteria","Blastocatellia_Subgroup_4","Pyrinomonadales","Pyrinomonadaceae","RB41",""
"OTU_230","Bacteria","Proteobacteria","Alphaproteobacteria","Reyranellales","Reyranellaceae","Reyranella",""
"OTU_231","Bacteria","Bacteroidetes","Bacteroidia","Flavobacteriales","Flavobacteriaceae","Flavobacterium",""
"OTU_232","Bacteria","Proteobacteria","Alphaproteobacteria","Rhizobiales","Rhizobiaceae","Ensifer",""
"OTU_23","Bacteria","Proteobacteria","Gammaproteobacteria","Xanthomonadales","Xanthomonadaceae","Lysobacter",""
"OTU_233","Bacteria","Acidobacteria","Blastocatellia_Subgroup_4","Pyrinomonadales","Pyrinomonadaceae","RB41",""
"OTU_234","Bacteria","Gemmatimonadetes","Gemmatimonadetes","Gemmatimonadales","Gemmatimonadaceae","uncultured","uncultured_bacterium"
"OTU_235","Bacteria","Bacteroidetes","Bacteroidia","Chitinophagales","Chitinophagaceae","Terrimonas",""
"OTU_236","Bacteria","Gemmatimonadetes","S0134_terrestrial_group","","","",""
"OTU_237","Bacteria","Acidobacteria","Blastocatellia_Subgroup_4","Pyrinomonadales","Pyrinomonadaceae","RB41",""
"OTU_238","Bacteria","Proteobacteria","Gammaproteobacteria","Steroidobacterales","Steroidobacteraceae","Steroidobacter",""
"OTU_239","Bacteria","Actinobacteria","Actinobacteria","Propionibacteriales","Propionibacteriaceae","Jiangella",""
"OTU_240","Bacteria","Acidobacteria","Subgroup_6","","","",""
"OTU_241","Bacteria","Proteobacteria","Gammaproteobacteria","Betaproteobacteriales","Nitrosomonadaceae","MND1",""
"OTU_242","Bacteria","Bacteroidetes","Bacteroidia","Cytophagales","Microscillaceae","uncultured",""
"OTU_243","Bacteria","Acidobacteria","Blastocatellia_Subgroup_4","Pyrinomonadales","Pyrinomonadaceae","RB41",""
"OTU_24","Bacteria","Actinobacteria","Actinobacteria","Pseudonocardiales","Pseudonocardiaceae","Lechevalieria",""
"OTU_244","Bacteria","Proteobacteria","Gammaproteobacteria","Xanthomonadales","Xanthomonadaceae","Stenotrophomonas",""
"OTU_245","Bacteria","Proteobacteria","Alphaproteobacteria","Rhizobiales","Rhizobiales_Incertae_Sedis","Nordella","uncultured_bacterium"
"OTU_246","Bacteria","Verrucomicrobia","Verrucomicrobiae","Chthoniobacterales","Chthoniobacteraceae","Candidatus_Udaeobacter",""
"OTU_247","Bacteria","Proteobacteria","Alphaproteobacteria","Rhizobiales","KF-JG30-B3","",""
"OTU_248","Bacteria","Acidobacteria","Subgroup_6","Unknown_Order","Unknown_Family","Vicinamibacter","metagenome"
"OTU_2","Bacteria","Proteobacteria","Alphaproteobacteria","Rhizobiales","Rhizobiaceae","Mesorhizobium",""
"OTU_249","Bacteria","Proteobacteria","Gammaproteobacteria","Betaproteobacteriales","Nitrosomonadaceae","MND1","uncultured_bacterium"
"OTU_250","Bacteria","Bacteroidetes","Bacteroidia","Chitinophagales","Chitinophagaceae","UTBCD1","uncultured_bacterium"
"OTU_251","Bacteria","Acidobacteria","Blastocatellia_Subgroup_4","Pyrinomonadales","Pyrinomonadaceae","RB41",""
"OTU_252","Bacteria","Acidobacteria","Holophagae","Subgroup_7","","",""
"OTU_253","Bacteria","Bacteroidetes","Bacteroidia","Chitinophagales","Chitinophagaceae","Flavisolibacter",""
"OTU_254","Bacteria","Acidobacteria","Blastocatellia_Subgroup_4","Pyrinomonadales","Pyrinomonadaceae","RB41",""
"OTU_255","Bacteria","Proteobacteria","Alphaproteobacteria","Sphingomonadales","Sphingomonadaceae","Altererythrobacter",""
"OTU_256","Bacteria","Proteobacteria","Alphaproteobacteria","Sphingomonadales","Sphingomonadaceae","Sphingomonas",""
"OTU_257","Bacteria","Bacteroidetes","Bacteroidia","Sphingobacteriales","Sphingobacteriaceae","Olivibacter",""
"OTU_258","Bacteria","Proteobacteria","Gammaproteobacteria","Betaproteobacteriales","SC-I-84","",""
"OTU_259","Bacteria","Actinobacteria","Thermoleophilia","Solirubrobacterales","Solirubrobacteraceae","Solirubrobacter",""
"OTU_261","Bacteria","Proteobacteria","Alphaproteobacteria","Sphingomonadales","Sphingomonadaceae","Sphingomonas",""
"OTU_262","Bacteria","Bacteroidetes","Bacteroidia","Chitinophagales","Chitinophagaceae","",""
"OTU_26","Bacteria","Proteobacteria","Gammaproteobacteria","Steroidobacterales","Steroidobacteraceae","Steroidobacter",""
"OTU_263","Bacteria","Proteobacteria","Gammaproteobacteria","Betaproteobacteriales","Nitrosomonadaceae","Ellin6067",""
"OTU_264","Bacteria","Chloroflexi","P2-11E","","","",""
"OTU_265","Bacteria","Acidobacteria","Subgroup_6","","","",""
"OTU_266","Bacteria","Proteobacteria","Gammaproteobacteria","Steroidobacterales","Steroidobacteraceae","Steroidobacter",""
"OTU_267","Bacteria","Proteobacteria","Alphaproteobacteria","Rhizobiales","Xanthobacteraceae","Pseudorhodoplanes",""
"OTU_268","Bacteria","Proteobacteria","Alphaproteobacteria","Caulobacterales","Hyphomonadaceae","Hirschia","uncultured_bacterium"
"OTU_269","Bacteria","Acidobacteria","Subgroup_6","","","",""
"OTU_270","Bacteria","Proteobacteria","Gammaproteobacteria","Steroidobacterales","Steroidobacteraceae","Steroidobacter","metagenome"
"OTU_271","Bacteria","Proteobacteria","Alphaproteobacteria","Sphingomonadales","Sphingomonadaceae","Sphingoaurantiacus",""
"OTU_272","Bacteria","Actinobacteria","Actinobacteria","Streptosporangiales","Thermomonosporaceae","",""
"OTU_273","Bacteria","Proteobacteria","Gammaproteobacteria","Steroidobacterales","Steroidobacteraceae","Steroidobacter",""
"OTU_27","Bacteria","Actinobacteria","Actinobacteria","Pseudonocardiales","Pseudonocardiaceae","Lechevalieria",""
"OTU_274","Bacteria","Actinobacteria","Rubrobacteria","Rubrobacterales","Rubrobacteriaceae","Rubrobacter",""
"OTU_275","Bacteria","Bacteroidetes","Bacteroidia","Chitinophagales","Chitinophagaceae","Taibaiella",""
"OTU_276","Bacteria","Actinobacteria","Actinobacteria","Micrococcales","Microbacteriaceae","Agromyces",""
"OTU_277","Bacteria","Proteobacteria","Alphaproteobacteria","Reyranellales","Reyranellaceae","Reyranella",""
"OTU_278","Bacteria","Proteobacteria","Alphaproteobacteria","Caulobacterales","Caulobacteraceae","Phenylobacterium",""
"OTU_280","Bacteria","Acidobacteria","Subgroup_6","","","",""
"OTU_281","Bacteria","Proteobacteria","Alphaproteobacteria","Sphingomonadales","Sphingomonadaceae","Sphingomonas",""
"OTU_282","Bacteria","Bacteroidetes","Bacteroidia","Chitinophagales","Chitinophagaceae","Niastella",""
"OTU_28","Bacteria","Proteobacteria","Alphaproteobacteria","Rhizobiales","Beijerinckiaceae","Microvirga",""
"OTU_283","Bacteria","Proteobacteria","Alphaproteobacteria","Azospirillales","Azospirillaceae","Skermanella",""
"OTU_284","Bacteria","Actinobacteria","Acidimicrobiia","IMCC26256","","",""
"OTU_285","Bacteria","Proteobacteria","Gammaproteobacteria","Betaproteobacteriales","TRA3-20","",""
"OTU_287","Bacteria","Chloroflexi","Anaerolineae","SBR1031","A4b","",""
"OTU_288","Bacteria","Acidobacteria","Subgroup_6","","","",""
"OTU_289","Bacteria","Proteobacteria","Gammaproteobacteria","Betaproteobacteriales","Burkholderiaceae","Variovorax",""
"OTU_290","Bacteria","Actinobacteria","Actinobacteria","Corynebacteriales","Mycobacteriaceae","Mycobacterium",""
"OTU_291","Bacteria","Acidobacteria","Acidobacteriia","Solibacterales","Solibacteraceae_Subgroup_3","Bryobacter",""
"OTU_292","Bacteria","Bacteroidetes","Bacteroidia","","","",""
"OTU_29","Bacteria","Bacteroidetes","Bacteroidia","Chitinophagales","Chitinophagaceae","Chitinophaga",""
"OTU_293","Bacteria","Proteobacteria","Gammaproteobacteria","Betaproteobacteriales","Burkholderiaceae","",""
"OTU_294","Bacteria","Proteobacteria","Alphaproteobacteria","Sphingomonadales","Sphingomonadaceae","",""
"OTU_295","Bacteria","Acidobacteria","Subgroup_17","","","",""
"OTU_296","Bacteria","Proteobacteria","Gammaproteobacteria","Steroidobacterales","Steroidobacteraceae","Steroidobacter","metagenome"
"OTU_297","Bacteria","Proteobacteria","Alphaproteobacteria","Rhizobiales","Xanthobacteraceae","Pseudolabrys",""
"OTU_298","Bacteria","Acidobacteria","Blastocatellia_Subgroup_4","Pyrinomonadales","Pyrinomonadaceae","RB41",""
"OTU_299","Bacteria","Patescibacteria","Saccharimonadia","Saccharimonadales","","",""
"OTU_300","Bacteria","Actinobacteria","Actinobacteria","Pseudonocardiales","Pseudonocardiaceae","Pseudonocardia",""
"OTU_301","Bacteria","Acidobacteria","Blastocatellia_Subgroup_4","Blastocatellales","Blastocatellaceae","uncultured",""
"OTU_30","Bacteria","Actinobacteria","Actinobacteria","Pseudonocardiales","Pseudonocardiaceae","Lechevalieria",""
"OTU_302","Bacteria","Acidobacteria","Blastocatellia_Subgroup_4","Pyrinomonadales","Pyrinomonadaceae","RB41","Acidobacterium_sp._Ac_12_G8"
"OTU_303","Bacteria","Actinobacteria","Actinobacteria","Propionibacteriales","Nocardioidaceae","Aeromicrobium",""
"OTU_304","Bacteria","Proteobacteria","Alphaproteobacteria","Sphingomonadales","Sphingomonadaceae","Sphingomonas",""
"OTU_305","Bacteria","Proteobacteria","Gammaproteobacteria","Gammaproteobacteria_Incertae_Sedis","Unknown_Family","Acidibacter",""
"OTU_307","Bacteria","Proteobacteria","Gammaproteobacteria","Steroidobacterales","Steroidobacteraceae","Steroidobacter",""
"OTU_308","Bacteria","Acidobacteria","Blastocatellia_Subgroup_4","Pyrinomonadales","Pyrinomonadaceae","RB41",""
"OTU_309","Bacteria","Bacteroidetes","Bacteroidia","Cytophagales","Microscillaceae","uncultured",""
"OTU_310","Bacteria","Gemmatimonadetes","Gemmatimonadetes","Gemmatimonadales","Gemmatimonadaceae","",""
"OTU_311","Bacteria","Acidobacteria","Subgroup_6","","","",""
"OTU_312","Bacteria","Proteobacteria","Alphaproteobacteria","Rhizobiales","Hyphomicrobiaceae","Hyphomicrobium",""
"OTU_31","Bacteria","Proteobacteria","Alphaproteobacteria","Rhizobiales","Rhizobiales_Incertae_Sedis","Nordella",""
"OTU_313","Bacteria","Actinobacteria","Actinobacteria","Micromonosporales","Micromonosporaceae","",""
"OTU_3","Bacteria","Proteobacteria","Alphaproteobacteria","Rhizobiales","Xanthobacteraceae","Bradyrhizobium",""
"OTU_314","Bacteria","Rokubacteria","NC10","Rokubacteriales","","",""
"OTU_315","Bacteria","Bacteroidetes","Bacteroidia","Chitinophagales","Chitinophagaceae","Chitinophaga","uncultured_bacterium"
"OTU_316","Bacteria","Acidobacteria","Acidobacteriia","Solibacterales","Solibacteraceae_Subgroup_3","Bryobacter","uncultured_bacterium"
"OTU_317","Bacteria","Actinobacteria","Actinobacteria","Micromonosporales","Micromonosporaceae","",""
"OTU_318","Bacteria","Acidobacteria","Subgroup_6","","","",""
"OTU_319","Bacteria","Proteobacteria","Gammaproteobacteria","Betaproteobacteriales","Nitrosomonadaceae","Ellin6067",""
"OTU_320","Bacteria","Actinobacteria","Acidimicrobiia","Microtrichales","uncultured","",""
"OTU_32","Bacteria","Actinobacteria","Actinobacteria","Pseudonocardiales","Pseudonocardiaceae","Kibdelosporangium",""
"OTU_322","Bacteria","Actinobacteria","Actinobacteria","Propionibacteriales","Nocardioidaceae","Kribbella",""
"OTU_323","Bacteria","Gemmatimonadetes","Gemmatimonadetes","Gemmatimonadales","Gemmatimonadaceae","uncultured",""
"OTU_324","Bacteria","Acidobacteria","Blastocatellia_Subgroup_4","Pyrinomonadales","Pyrinomonadaceae","RB41",""
"OTU_325","Bacteria","Proteobacteria","Gammaproteobacteria","Betaproteobacteriales","TRA3-20","",""
"OTU_326","Bacteria","Actinobacteria","Thermoleophilia","Solirubrobacterales","67-14","",""
"OTU_327","Bacteria","Bacteroidetes","Bacteroidia","Cytophagales","Microscillaceae","",""
"OTU_328","Bacteria","Proteobacteria","Gammaproteobacteria","Betaproteobacteriales","TRA3-20","",""
"OTU_329","Bacteria","Acidobacteria","Blastocatellia_Subgroup_4","Pyrinomonadales","Pyrinomonadaceae","RB41",""
"OTU_330","Bacteria","Gemmatimonadetes","Gemmatimonadetes","Gemmatimonadales","Gemmatimonadaceae","Gemmatirosa",""
"OTU_331","Bacteria","Acidobacteria","Subgroup_6","","","",""
"OTU_332","Bacteria","Chloroflexi","Anaerolineae","SBR1031","A4b","",""
"OTU_33","Bacteria","Proteobacteria","Gammaproteobacteria","Betaproteobacteriales","Burkholderiaceae","Ralstonia",""
"OTU_333","Bacteria","Proteobacteria","Alphaproteobacteria","Rhizobiales","Beijerinckiaceae","Bosea",""
"OTU_334","Bacteria","Actinobacteria","Actinobacteria","Streptomycetales","Streptomycetaceae","Streptomyces",""
"OTU_335","Bacteria","Acidobacteria","Subgroup_6","","","",""
"OTU_336","Bacteria","Bacteroidetes","Bacteroidia","Chitinophagales","Chitinophagaceae","Niastella",""
"OTU_337","Bacteria","Bacteroidetes","Bacteroidia","Chitinophagales","Chitinophagaceae","",""
"OTU_338","Bacteria","Proteobacteria","Gammaproteobacteria","Xanthomonadales","Xanthomonadaceae","Lysobacter","uncultured_soil_bacterium"
"OTU_339","Bacteria","Acidobacteria","Subgroup_6","Unknown_Order","Unknown_Family","Vicinamibacter","Vicinamibacter_silvestris"
"OTU_340","Bacteria","Acidobacteria","Blastocatellia_Subgroup_4","Pyrinomonadales","Pyrinomonadaceae","RB41",""
"OTU_341","Bacteria","Proteobacteria","Deltaproteobacteria","RCP2-54","","",""
"OTU_34","Bacteria","Proteobacteria","Alphaproteobacteria","Rhizobiales","Rhizobiaceae","Phyllobacterium",""
"OTU_342","Bacteria","Actinobacteria","MB-A2-108","","","",""
"OTU_343","Bacteria","Proteobacteria","Alphaproteobacteria","Rhizobiales","Hyphomicrobiaceae","Hyphomicrobium",""
"OTU_344","Bacteria","Acidobacteria","Subgroup_6","","","",""
"OTU_345","Bacteria","Proteobacteria","Alphaproteobacteria","Sphingomonadales","Sphingomonadaceae","Sphingomonas",""
"OTU_346","Bacteria","Actinobacteria","Actinobacteria","Micromonosporales","Micromonosporaceae","",""
"OTU_347","Bacteria","Bacteroidetes","Bacteroidia","Chitinophagales","Chitinophagaceae","Flavitalea",""
"OTU_348","Bacteria","Bacteroidetes","Bacteroidia","Chitinophagales","Chitinophagaceae","uncultured",""
"OTU_349","Bacteria","Acidobacteria","Acidobacteriia","Solibacterales","Solibacteraceae_Subgroup_3","Bryobacter",""
"OTU_350","Bacteria","Proteobacteria","Alphaproteobacteria","Rhizobiales","Rhizobiaceae","Mesorhizobium",""
"OTU_35","Bacteria","Actinobacteria","Actinobacteria","Streptomycetales","Streptomycetaceae","Streptomyces",""
"OTU_351","Bacteria","Acidobacteria","Blastocatellia_Subgroup_4","Pyrinomonadales","Pyrinomonadaceae","RB41",""
"OTU_352","Bacteria","Actinobacteria","Thermoleophilia","Solirubrobacterales","67-14","",""
"OTU_353","Bacteria","Actinobacteria","0319-7L14","","","",""
"OTU_354","Bacteria","Acidobacteria","Subgroup_6","","","",""
"OTU_355","Bacteria","Actinobacteria","Thermoleophilia","Gaiellales","Gaiellaceae","Gaiella",""
"OTU_356","Bacteria","Actinobacteria","Actinobacteria","Pseudonocardiales","Pseudonocardiaceae","Pseudonocardia",""
"OTU_357","Bacteria","Proteobacteria","Gammaproteobacteria","Steroidobacterales","Steroidobacteraceae","Steroidobacter","metagenome"
"OTU_358","Bacteria","Proteobacteria","Alphaproteobacteria","Rhizobiales","Rhizobiaceae","",""
"OTU_359","Bacteria","Proteobacteria","Gammaproteobacteria","Betaproteobacteriales","Burkholderiaceae","Massilia",""
"OTU_360","Bacteria","Acidobacteria","Blastocatellia_Subgroup_4","Pyrinomonadales","Pyrinomonadaceae","RB41",""
"OTU_361","Bacteria","","","","","",""
"OTU_362","Bacteria","Verrucomicrobia","Verrucomicrobiae","Pedosphaerales","Pedosphaeraceae","",""
"OTU_36","Bacteria","Proteobacteria","Gammaproteobacteria","Xanthomonadales","Xanthomonadaceae","Lysobacter",""
"OTU_363","Bacteria","Proteobacteria","Gammaproteobacteria","Gammaproteobacteria_Incertae_Sedis","Unknown_Family","Acidibacter","uncultured_gamma_proteobacterium"
"OTU_364","Bacteria","Acidobacteria","Subgroup_6","","","",""
"OTU_365","Bacteria","Proteobacteria","Gammaproteobacteria","Steroidobacterales","Steroidobacteraceae","Steroidobacter",""
"OTU_366","Bacteria","Actinobacteria","Thermoleophilia","Gaiellales","Gaiellaceae","Gaiella",""
"OTU_367","Bacteria","Proteobacteria","Alphaproteobacteria","Rhizobiales","Rhizobiaceae","Mesorhizobium",""
"OTU_368","Bacteria","Actinobacteria","Actinobacteria","Micromonosporales","Micromonosporaceae","Virgisporangium",""
"OTU_369","Bacteria","Acidobacteria","Blastocatellia_Subgroup_4","Pyrinomonadales","Pyrinomonadaceae","RB41",""
"OTU_370","Bacteria","Acidobacteria","Subgroup_6","","","",""
"OTU_371","Bacteria","Actinobacteria","Actinobacteria","Propionibacteriales","Nocardioidaceae","Nocardioides",""
"OTU_372","Bacteria","Proteobacteria","Gammaproteobacteria","Xanthomonadales","Xanthomonadaceae","Luteimonas",""
"OTU_373","Bacteria","Acidobacteria","Subgroup_17","","","",""
"OTU_374","Bacteria","Actinobacteria","Actinobacteria","Pseudonocardiales","Pseudonocardiaceae","",""
"OTU_375","Bacteria","Acidobacteria","Subgroup_6","","","",""
"OTU_376","Bacteria","Actinobacteria","Thermoleophilia","Gaiellales","Gaiellaceae","Gaiella",""
"OTU_37","Bacteria","Actinobacteria","Actinobacteria","Pseudonocardiales","Pseudonocardiaceae","Pseudonocardia",""
"OTU_378","Bacteria","Actinobacteria","Thermoleophilia","Solirubrobacterales","67-14","",""
"OTU_379","Bacteria","Proteobacteria","Alphaproteobacteria","Rhizobiales","Hyphomicrobiaceae","Pedomicrobium",""
"OTU_380","Bacteria","Chloroflexi","KD4-96","","","",""
"OTU_381","Bacteria","Actinobacteria","Actinobacteria","Corynebacteriales","Mycobacteriaceae","Mycobacterium",""
"OTU_38","Bacteria","Proteobacteria","Alphaproteobacteria","Sphingomonadales","Sphingomonadaceae","Sphingomonas",""
"OTU_382","Bacteria","Bacteroidetes","Bacteroidia","Sphingobacteriales","env.OPS_17","",""
"OTU_384","Bacteria","Proteobacteria","Alphaproteobacteria","Rhizobiales","Beijerinckiaceae","Microvirga",""
"OTU_386","Bacteria","Proteobacteria","Alphaproteobacteria","Rhizobiales","Xanthobacteraceae","",""
"OTU_387","Bacteria","Proteobacteria","Alphaproteobacteria","Rhizobiales","Beijerinckiaceae","",""
"OTU_388","Bacteria","Gemmatimonadetes","Gemmatimonadetes","Gemmatimonadales","Gemmatimonadaceae","uncultured","uncultured_soil_bacterium"
"OTU_389","Bacteria","Acidobacteria","Subgroup_6","","","",""
"OTU_390","Bacteria","Actinobacteria","Actinobacteria","Streptosporangiales","Streptosporangiaceae","Nonomuraea",""
"OTU_391","Bacteria","Acidobacteria","Holophagae","Subgroup_7","","",""
"OTU_39","Bacteria","Gemmatimonadetes","Gemmatimonadetes","Gemmatimonadales","Gemmatimonadaceae","uncultured",""
"OTU_392","Bacteria","Acidobacteria","Acidobacteriia","Solibacterales","Solibacteraceae_Subgroup_3","Bryobacter","uncultivated_soil_bacterium_clone_C002"
"OTU_393","Bacteria","Chloroflexi","KD4-96","","","",""
"OTU_394","Bacteria","Acidobacteria","Subgroup_6","","","",""
"OTU_395","Bacteria","Actinobacteria","Actinobacteria","Micromonosporales","Micromonosporaceae","",""
"OTU_397","Bacteria","Acidobacteria","Holophagae","Subgroup_7","","",""
"OTU_398","Bacteria","Actinobacteria","Actinobacteria","Micrococcales","Promicromonosporaceae","Promicromonospora",""
"OTU_399","Bacteria","Acidobacteria","Blastocatellia_Subgroup_4","Pyrinomonadales","Pyrinomonadaceae","RB41",""
"OTU_400","Bacteria","Acidobacteria","Blastocatellia_Subgroup_4","Pyrinomonadales","Pyrinomonadaceae","RB41",""
"OTU_401","Bacteria","Actinobacteria","Actinobacteria","Corynebacteriales","Mycobacteriaceae","Mycobacterium",""
"OTU_40","Bacteria","Proteobacteria","Alphaproteobacteria","Sphingomonadales","Sphingomonadaceae","Sphingomonas",""
"OTU_402","Bacteria","Bacteroidetes","Bacteroidia","Chitinophagales","Chitinophagaceae","",""
"OTU_403","Bacteria","Chloroflexi","KD4-96","","","",""
"OTU_404","Bacteria","Acidobacteria","Subgroup_6","","","",""
"OTU_405","Bacteria","Patescibacteria","Saccharimonadia","Saccharimonadales","","",""
"OTU_406","Bacteria","Gemmatimonadetes","Gemmatimonadetes","Gemmatimonadales","Gemmatimonadaceae","uncultured","uncultured_bacterium"
"OTU_407","Bacteria","Acidobacteria","Subgroup_6","","","",""
"OTU_408","Bacteria","Proteobacteria","Gammaproteobacteria","Xanthomonadales","Xanthomonadaceae","Lysobacter",""
"OTU_409","Bacteria","Gemmatimonadetes","Gemmatimonadetes","Gemmatimonadales","Gemmatimonadaceae","uncultured","uncultured_bacterium"
"OTU_411","Bacteria","Acidobacteria","Subgroup_6","","","",""
"OTU_41","Bacteria","Proteobacteria","Alphaproteobacteria","Rhizobiales","Devosiaceae","Devosia",""
"OTU_413","Bacteria","Acidobacteria","Subgroup_6","","","",""
"OTU_414","Bacteria","Actinobacteria","Rubrobacteria","Rubrobacterales","Rubrobacteriaceae","Rubrobacter",""
"OTU_415","Bacteria","Proteobacteria","Alphaproteobacteria","Rhizobiales","Xanthobacteraceae","",""
"OTU_416","Bacteria","Gemmatimonadetes","Gemmatimonadetes","Gemmatimonadales","Gemmatimonadaceae","uncultured",""
"OTU_418","Bacteria","Nitrospirae","Nitrospira","Nitrospirales","Nitrospiraceae","Nitrospira",""
"OTU_420","Bacteria","Actinobacteria","Rubrobacteria","Rubrobacterales","Rubrobacteriaceae","Rubrobacter",""
"OTU_421","Bacteria","Acidobacteria","Subgroup_6","","","",""
"OTU_42","Bacteria","Actinobacteria","Actinobacteria","Micrococcales","Promicromonosporaceae","Promicromonospora",""
"OTU_423","Bacteria","Acidobacteria","Blastocatellia_Subgroup_4","Pyrinomonadales","Pyrinomonadaceae","RB41",""
"OTU_424","Bacteria","Chloroflexi","Dehalococcoidia","S085","","",""
"OTU_425","Bacteria","Chloroflexi","Dehalococcoidia","S085","","",""
"OTU_426","Bacteria","Gemmatimonadetes","Gemmatimonadetes","Gemmatimonadales","Gemmatimonadaceae","uncultured","uncultured_Gemmatimonadetes_bacterium"
"OTU_43","Bacteria","Bacteroidetes","Bacteroidia","Chitinophagales","Chitinophagaceae","uncultured","uncultured_Flavobacterium_sp."
"OTU_433","Bacteria","Bacteroidetes","Bacteroidia","Chitinophagales","Chitinophagaceae","Niastella","uncultured_bacterium"
"OTU_434","Bacteria","Chloroflexi","Dehalococcoidia","S085","","",""
"OTU_435","Bacteria","Acidobacteria","Subgroup_6","","","",""
"OTU_438","Bacteria","Bacteroidetes","Bacteroidia","Chitinophagales","Chitinophagaceae","Flavitalea",""
"OTU_44","Bacteria","Proteobacteria","Alphaproteobacteria","Rhizobiales","Rhizobiales_Incertae_Sedis","Nordella",""
"OTU_448","Bacteria","Bacteroidetes","Bacteroidia","Chitinophagales","Chitinophagaceae","",""
"OTU_449","Bacteria","Proteobacteria","Gammaproteobacteria","Betaproteobacteriales","Burkholderiaceae","",""
"OTU_451","Bacteria","Patescibacteria","Saccharimonadia","Saccharimonadales","","",""
"OTU_45","Bacteria","Gemmatimonadetes","Gemmatimonadetes","Gemmatimonadales","Gemmatimonadaceae","uncultured","uncultured_Gemmatimonadetes_bacterium"
"OTU_454","Bacteria","Acidobacteria","Subgroup_6","","","",""
"OTU_456","Bacteria","Bacteroidetes","Bacteroidia","Chitinophagales","Chitinophagaceae","uncultured",""
"OTU_46","Bacteria","Bacteroidetes","Bacteroidia","Chitinophagales","Chitinophagaceae","Chitinophaga",""
"OTU_47","Bacteria","Proteobacteria","Alphaproteobacteria","Sphingomonadales","Sphingomonadaceae","Sphingomonas",""
"OTU_474","Bacteria","Gemmatimonadetes","Gemmatimonadetes","Gemmatimonadales","Gemmatimonadaceae","uncultured","uncultured_bacterium"
"OTU_48","Bacteria","Chloroflexi","Chloroflexia","Chloroflexales","Roseiflexaceae","uncultured",""
"OTU_4","Bacteria","Proteobacteria","Gammaproteobacteria","Betaproteobacteriales","Burkholderiaceae","Cupriavidus",""
"OTU_49","Bacteria","Proteobacteria","Alphaproteobacteria","Rhizobiales","Rhodomicrobiaceae","Rhodomicrobium","uncultured_bacterium"
"OTU_50","Bacteria","Actinobacteria","Actinobacteria","Micromonosporales","Micromonosporaceae","",""
"OTU_51","Bacteria","Nitrospirae","Nitrospira","Nitrospirales","Nitrospiraceae","Nitrospira","uncultured_soil_bacterium"
"OTU_52","Bacteria","Proteobacteria","Gammaproteobacteria","Steroidobacterales","Steroidobacteraceae","Steroidobacter",""
"OTU_53","Bacteria","Actinobacteria","Acidimicrobiia","IMCC26256","","",""
"OTU_54","Bacteria","Proteobacteria","Alphaproteobacteria","Rhizobiales","Rhizobiaceae","Phyllobacterium",""
"OTU_55","Bacteria","Proteobacteria","Gammaproteobacteria","Xanthomonadales","Xanthomonadaceae","Lysobacter",""
"OTU_56","Bacteria","Proteobacteria","Gammaproteobacteria","Xanthomonadales","Xanthomonadaceae","",""
"OTU_57","Bacteria","Proteobacteria","Alphaproteobacteria","Sphingomonadales","Sphingomonadaceae","Sphingomonas",""
"OTU_58","Bacteria","Actinobacteria","Actinobacteria","Propionibacteriales","Nocardioidaceae","Kribbella",""
"OTU_59","Bacteria","Proteobacteria","Alphaproteobacteria","Sphingomonadales","Sphingomonadaceae","Sphingomonas",""
"OTU_60","Bacteria","Acidobacteria","Subgroup_6","","","",""
"OTU_61","Bacteria","Proteobacteria","Alphaproteobacteria","Rhizobiales","Xanthobacteraceae","Pseudorhodoplanes",""
"OTU_62","Bacteria","Acidobacteria","Subgroup_6","","","",""
"OTU_6","Bacteria","Proteobacteria","Gammaproteobacteria","Betaproteobacteriales","Burkholderiaceae","Variovorax",""
"OTU_63","Bacteria","Proteobacteria","Alphaproteobacteria","Sphingomonadales","Sphingomonadaceae","Sphingomonas",""
"OTU_64","Bacteria","Bacteroidetes","Bacteroidia","Chitinophagales","Chitinophagaceae","Niastella","uncultured_Chitinophagaceae_bacterium"
"OTU_65","Bacteria","Proteobacteria","Alphaproteobacteria","Rhizobiales","Rhizobiaceae","",""
"OTU_66","Bacteria","Proteobacteria","Gammaproteobacteria","Xanthomonadales","Xanthomonadaceae","Luteimonas",""
"OTU_67","Bacteria","Verrucomicrobia","Verrucomicrobiae","Chthoniobacterales","Chthoniobacteraceae","Candidatus_Udaeobacter",""
"OTU_68","Bacteria","Proteobacteria","Alphaproteobacteria","Rhizobiales","uncultured","",""
"OTU_69","Bacteria","Bacteroidetes","Bacteroidia","Chitinophagales","Chitinophagaceae","Chitinophaga",""
"OTU_70","Bacteria","Proteobacteria","Alphaproteobacteria","Sphingomonadales","Sphingomonadaceae","",""
"OTU_71","Bacteria","Gemmatimonadetes","Gemmatimonadetes","Gemmatimonadales","Gemmatimonadaceae","uncultured",""
"OTU_72","Bacteria","Actinobacteria","Actinobacteria","Micromonosporales","Micromonosporaceae","",""
"OTU_73","Bacteria","Proteobacteria","Alphaproteobacteria","Sphingomonadales","Sphingomonadaceae","Novosphingobium",""
"OTU_74","Bacteria","Bacteroidetes","Bacteroidia","Chitinophagales","Chitinophagaceae","Chitinophaga","uncultured_bacterium"
"OTU_75","Bacteria","Proteobacteria","Gammaproteobacteria","Betaproteobacteriales","Nitrosomonadaceae","MND1",""
"OTU_76","Bacteria","Acidobacteria","Blastocatellia_Subgroup_4","Pyrinomonadales","Pyrinomonadaceae","RB41",""
"OTU_77","Bacteria","Gemmatimonadetes","Gemmatimonadetes","Gemmatimonadales","Gemmatimonadaceae","uncultured",""
"OTU_78","Bacteria","Gemmatimonadetes","Gemmatimonadetes","Gemmatimonadales","Gemmatimonadaceae","uncultured","uncultured_Gemmatimonadetes_bacterium"
"OTU_79","Bacteria","Proteobacteria","Alphaproteobacteria","Rhizobiales","Rhizobiaceae","",""
"OTU_80","Bacteria","Bacteroidetes","Bacteroidia","Cytophagales","Microscillaceae","uncultured",""
"OTU_81","Bacteria","Acidobacteria","Blastocatellia_Subgroup_4","Blastocatellales","Blastocatellaceae","uncultured",""
"OTU_82","Bacteria","Proteobacteria","Alphaproteobacteria","Sphingomonadales","Sphingomonadaceae","Sphingomonas",""
"OTU_83","Bacteria","Acidobacteria","Subgroup_6","","","",""
"OTU_84","Bacteria","Bacteroidetes","Bacteroidia","Chitinophagales","Chitinophagaceae","Niastella",""
"OTU_8","Bacteria","Actinobacteria","Actinobacteria","Propionibacteriales","Nocardioidaceae","Kribbella",""
"OTU_85","Bacteria","Actinobacteria","Actinobacteria","Frankiales","Geodermatophilaceae","Blastococcus","uncultured_bacterium"
"OTU_86","Bacteria","Actinobacteria","Actinobacteria","Micromonosporales","Micromonosporaceae","",""
"OTU_87","Bacteria","Proteobacteria","Alphaproteobacteria","Rhizobiales","Hyphomicrobiaceae","Hyphomicrobium",""
"OTU_89","Bacteria","Bacteroidetes","Bacteroidia","Chitinophagales","Chitinophagaceae","Niastella",""
"OTU_90","Bacteria","Acidobacteria","Subgroup_6","Unknown_Order","Unknown_Family","Vicinamibacter","metagenome"
"OTU_91","Bacteria","Gemmatimonadetes","Gemmatimonadetes","Gemmatimonadales","Gemmatimonadaceae","uncultured","uncultured_bacterium"
"OTU_92","Bacteria","Actinobacteria","Actinobacteria","Micromonosporales","Micromonosporaceae","",""
"OTU_93","Bacteria","Proteobacteria","Alphaproteobacteria","Sphingomonadales","Sphingomonadaceae","Sphingomonas",""
"OTU_94","Bacteria","Bacteroidetes","Bacteroidia","Sphingobacteriales","Sphingobacteriaceae","Pedobacter",""
"OTU_9","Bacteria","Proteobacteria","Alphaproteobacteria","Dongiales","Dongiaceae","Dongia",""
"OTU_95","Bacteria","Proteobacteria","Alphaproteobacteria","Rhizobiales","Rhizobiaceae","Allorhizobium-Neorhizobium-Pararhizobium-Rhizobium",""
"OTU_96","Bacteria","Proteobacteria","Alphaproteobacteria","Sphingomonadales","Sphingomonadaceae","Ellin6055",""
"OTU_97","Bacteria","Acidobacteria","Blastocatellia_Subgroup_4","Pyrinomonadales","Pyrinomonadaceae","RB41",""
"OTU_98","Bacteria","Actinobacteria","Actinobacteria","Micromonosporales","Micromonosporaceae","",""
"OTU_99","Bacteria","Proteobacteria","Alphaproteobacteria","Sphingomonadales","Sphingomonadaceae","Sphingomonas",""
